date_time,maxtempC,mintempC,totalSnow_cm,sunHour,uvIndex,uvIndex,moon_illumination,moonrise,moonset,sunrise,sunset,DewPointC,FeelsLikeC,HeatIndexC,WindChillC,WindGustKmph,cloudcover,humidity,precipMM,pressure,tempC,visibility,winddirDegree,windspeedKmph
2019-12-31 00:00:00,4,-1,0.0,8.7,2,1,26,12:17 PM,11:01 PM,08:52 AM,05:45 PM,-4,-2,1,-2,10,0,70,0.0,1032,1,10,225,8
2019-12-31 03:00:00,4,-1,0.0,8.7,2,1,26,12:17 PM,11:01 PM,08:52 AM,05:45 PM,-5,-3,-0,-3,15,2,68,0.0,1031,-0,10,267,9
2019-12-31 06:00:00,4,-1,0.0,8.7,2,1,26,12:17 PM,11:01 PM,08:52 AM,05:45 PM,-7,-5,-1,-5,22,6,67,0.0,1030,-1,10,261,12
2019-12-31 09:00:00,4,-1,0.0,8.7,2,2,26,12:17 PM,11:01 PM,08:52 AM,05:45 PM,-7,-5,-0,-5,25,10,61,0.0,1029,-0,10,250,17
2019-12-31 12:00:00,4,-1,0.0,8.7,2,2,26,12:17 PM,11:01 PM,08:52 AM,05:45 PM,-7,-2,3,-2,27,16,50,0.0,1026,3,10,247,21
2019-12-31 15:00:00,4,-1,0.0,8.7,2,2,26,12:17 PM,11:01 PM,08:52 AM,05:45 PM,-7,-1,4,-1,32,29,46,0.0,1023,4,10,248,23
2019-12-31 18:00:00,4,-1,0.0,8.7,2,1,26,12:17 PM,11:01 PM,08:52 AM,05:45 PM,-7,-2,3,-2,33,69,51,0.0,1022,3,10,252,21
2019-12-31 21:00:00,4,-1,0.0,8.7,2,1,26,12:17 PM,11:01 PM,08:52 AM,05:45 PM,-6,-2,2,-2,25,78,56,0.0,1021,2,10,251,15
2020-01-01 00:00:00,6,-2,0.0,8.7,2,1,37,12:41 PM,No moonset,08:52 AM,05:46 PM,-5,-1,1,-1,13,37,63,0.0,1022,1,10,227,8
2020-01-01 03:00:00,6,-2,0.0,8.7,2,1,37,12:41 PM,No moonset,08:52 AM,05:46 PM,-6,-1,1,-1,10,31,62,0.0,1024,1,10,256,6
2020-01-01 06:00:00,6,-2,0.0,8.7,2,1,37,12:41 PM,No moonset,08:52 AM,05:46 PM,-7,-2,1,-2,15,6,59,0.0,1025,1,10,321,9
2020-01-01 09:00:00,6,-2,0.0,8.7,2,2,37,12:41 PM,No moonset,08:52 AM,05:46 PM,-5,-2,1,-2,15,3,62,0.0,1027,1,10,248,10
2020-01-01 12:00:00,6,-2,0.0,8.7,2,2,37,12:41 PM,No moonset,08:52 AM,05:46 PM,-5,2,4,2,12,3,52,0.0,1028,4,10,233,10
2020-01-01 15:00:00,6,-2,0.0,8.7,2,3,37,12:41 PM,No moonset,08:52 AM,05:46 PM,-4,4,6,4,8,4,49,0.0,1028,6,10,251,6
2020-01-01 18:00:00,6,-2,0.0,8.7,2,2,37,12:41 PM,No moonset,08:52 AM,05:46 PM,-3,3,5,3,7,3,56,0.0,1030,4,10,185,5
2020-01-01 21:00:00,6,-2,0.0,8.7,2,1,37,12:41 PM,No moonset,08:52 AM,05:46 PM,-3,1,4,1,4,0,61,0.0,1032,1,10,132,4
2020-01-02 00:00:00,4,-1,0.0,8.7,2,1,44,01:04 PM,12:02 AM,08:52 AM,05:47 PM,-3,-1,2,-1,4,1,66,0.0,1033,-1,10,278,3
2020-01-02 03:00:00,4,-1,0.0,8.7,2,1,44,01:04 PM,12:02 AM,08:52 AM,05:47 PM,-4,-1,1,-1,11,5,70,0.0,1033,1,10,235,7
2020-01-02 06:00:00,4,-1,0.0,8.7,2,1,44,01:04 PM,12:02 AM,08:52 AM,05:47 PM,-5,-3,-1,-3,12,10,73,0.0,1033,-1,10,212,7
2020-01-02 09:00:00,4,-1,0.0,8.7,2,2,44,01:04 PM,12:02 AM,08:52 AM,05:47 PM,-5,-3,0,-3,14,6,69,0.0,1033,0,10,240,9
2020-01-02 12:00:00,4,-1,0.0,8.7,2,2,44,01:04 PM,12:02 AM,08:52 AM,05:47 PM,-5,0,3,0,13,7,56,0.0,1032,3,10,245,10
2020-01-02 15:00:00,4,-1,0.0,8.7,2,2,44,01:04 PM,12:02 AM,08:52 AM,05:47 PM,-5,1,4,1,18,8,51,0.0,1031,4,10,255,12
2020-01-02 18:00:00,4,-1,0.0,8.7,2,2,44,01:04 PM,12:02 AM,08:52 AM,05:47 PM,-5,-1,2,-1,21,11,62,0.0,1030,2,10,256,12
2020-01-02 21:00:00,4,-1,0.0,8.7,2,1,44,01:04 PM,12:02 AM,08:52 AM,05:47 PM,-4,-3,1,-3,21,7,68,0.0,1030,1,10,258,11
2020-01-03 00:00:00,6,-0,0.0,8.7,2,1,51,01:26 PM,01:03 AM,08:52 AM,05:48 PM,-5,-3,0,-3,20,19,67,0.0,1030,0,10,255,10
2020-01-03 03:00:00,6,-0,0.0,8.7,2,1,51,01:26 PM,01:03 AM,08:52 AM,05:48 PM,-6,-4,0,-4,21,57,65,0.0,1029,0,10,259,11
2020-01-03 06:00:00,6,-0,0.0,8.7,2,1,51,01:26 PM,01:03 AM,08:52 AM,05:48 PM,-6,-4,-0,-4,23,66,65,0.0,1027,-0,10,254,12
2020-01-03 09:00:00,6,-0,0.0,8.7,2,2,51,01:26 PM,01:03 AM,08:52 AM,05:48 PM,-5,-3,1,-3,22,37,62,0.0,1027,1,10,258,13
2020-01-03 12:00:00,6,-0,0.0,8.7,2,2,51,01:26 PM,01:03 AM,08:52 AM,05:48 PM,-5,1,5,1,19,18,51,0.0,1025,5,10,257,14
2020-01-03 15:00:00,6,-0,0.0,8.7,2,3,51,01:26 PM,01:03 AM,08:52 AM,05:48 PM,-4,3,5,3,19,21,53,0.0,1023,5,10,253,13
2020-01-03 18:00:00,6,-0,0.0,8.7,2,2,51,01:26 PM,01:03 AM,08:52 AM,05:48 PM,-3,0,3,0,22,19,64,0.0,1022,3,10,254,12
2020-01-03 21:00:00,6,-0,0.0,8.7,2,1,51,01:26 PM,01:03 AM,08:52 AM,05:48 PM,-3,-1,2,-1,20,27,67,0.0,1022,2,10,251,10
2020-01-04 00:00:00,7,1,0.0,8.7,2,1,59,01:48 PM,02:03 AM,08:52 AM,05:49 PM,-4,-1,1,-1,20,42,67,0.0,1021,1,10,250,9
2020-01-04 03:00:00,7,1,0.0,8.7,2,1,59,01:48 PM,02:03 AM,08:52 AM,05:49 PM,-6,-2,1,-2,18,24,61,0.0,1020,1,10,266,9
2020-01-04 06:00:00,7,1,0.0,8.7,2,1,59,01:48 PM,02:03 AM,08:52 AM,05:49 PM,-7,-0,2,-0,15,3,51,0.0,1019,2,10,259,7
2020-01-04 09:00:00,7,1,0.0,8.7,2,2,59,01:48 PM,02:03 AM,08:52 AM,05:49 PM,-7,2,3,2,9,2,46,0.0,1019,3,10,234,5
2020-01-04 12:00:00,7,1,0.0,8.7,2,3,59,01:48 PM,02:03 AM,08:52 AM,05:49 PM,-8,5,6,5,8,8,37,0.0,1018,6,10,209,6
2020-01-04 15:00:00,7,1,0.0,8.7,2,3,59,01:48 PM,02:03 AM,08:52 AM,05:49 PM,-7,5,6,5,8,23,40,0.0,1016,6,10,214,6
2020-01-04 18:00:00,7,1,0.0,8.7,2,1,59,01:48 PM,02:03 AM,08:52 AM,05:49 PM,-6,3,4,3,11,65,49,0.0,1016,4,10,198,6
2020-01-04 21:00:00,7,1,0.0,8.7,2,1,59,01:48 PM,02:03 AM,08:52 AM,05:49 PM,-5,2,3,2,12,82,56,0.0,1016,3,10,178,6
2020-01-05 00:00:00,5,2,0.1,3.4,2,1,66,02:11 PM,03:05 AM,08:52 AM,05:50 PM,-2,1,3,1,11,41,70,0.0,1016,3,10,211,6
2020-01-05 03:00:00,5,2,0.1,3.4,2,1,66,02:11 PM,03:05 AM,08:52 AM,05:50 PM,-3,1,2,1,11,42,70,0.0,1015,2,10,216,6
2020-01-05 06:00:00,5,2,0.1,3.4,2,1,66,02:11 PM,03:05 AM,08:52 AM,05:50 PM,-4,0,2,0,14,74,64,0.0,1015,2,10,181,8
2020-01-05 09:00:00,5,2,0.1,3.4,2,1,66,02:11 PM,03:05 AM,08:52 AM,05:50 PM,-1,0,3,0,12,87,75,0.1,1016,3,10,156,8
2020-01-05 12:00:00,5,2,0.1,3.4,2,1,66,02:11 PM,03:05 AM,08:52 AM,05:50 PM,-0,2,4,2,12,86,74,0.1,1017,4,10,40,9
2020-01-05 15:00:00,5,2,0.1,3.4,2,1,66,02:11 PM,03:05 AM,08:52 AM,05:50 PM,-1,3,5,3,10,83,64,0.1,1018,5,10,46,8
2020-01-05 18:00:00,5,2,0.1,3.4,2,1,66,02:11 PM,03:05 AM,08:52 AM,05:50 PM,-1,3,4,3,9,79,70,0.0,1020,4,10,12,6
2020-01-05 21:00:00,5,2,0.1,3.4,2,1,66,02:11 PM,03:05 AM,08:52 AM,05:50 PM,-1,1,2,1,10,61,81,0.1,1023,2,9,124,6
2020-01-06 00:00:00,4,-1,0.0,6.9,2,1,73,02:38 PM,04:08 AM,08:52 AM,05:51 PM,-2,-1,1,-1,13,27,77,0.0,1024,1,10,318,7
2020-01-06 03:00:00,4,-1,0.0,6.9,2,1,73,02:38 PM,04:08 AM,08:52 AM,05:51 PM,-6,-2,1,-2,16,69,64,0.0,1025,1,10,348,9
2020-01-06 06:00:00,4,-1,0.0,6.9,2,1,73,02:38 PM,04:08 AM,08:52 AM,05:51 PM,-7,-3,0,-3,16,100,59,0.0,1027,0,10,250,9
2020-01-06 09:00:00,4,-1,0.0,6.9,2,2,73,02:38 PM,04:08 AM,08:52 AM,05:51 PM,-6,-2,1,-2,19,87,59,0.0,1028,1,10,39,13
2020-01-06 12:00:00,4,-1,0.0,6.9,2,2,73,02:38 PM,04:08 AM,08:52 AM,05:51 PM,-7,-2,3,-2,31,51,48,0.0,1028,3,10,33,24
2020-01-06 15:00:00,4,-1,0.0,6.9,2,2,73,02:38 PM,04:08 AM,08:52 AM,05:51 PM,-7,-2,3,-2,33,24,48,0.0,1028,3,10,45,25
2020-01-06 18:00:00,4,-1,0.0,6.9,2,2,73,02:38 PM,04:08 AM,08:52 AM,05:51 PM,-7,-4,1,-4,30,6,57,0.0,1028,1,10,55,19
2020-01-06 21:00:00,4,-1,0.0,6.9,2,1,73,02:38 PM,04:08 AM,08:52 AM,05:51 PM,-7,-6,-1,-6,28,6,63,0.0,1030,-1,10,61,18
2020-01-07 00:00:00,3,-2,0.0,8.7,2,1,80,03:10 PM,05:14 AM,08:52 AM,05:52 PM,-7,-6,-1,-6,25,2,64,0.0,1030,-1,10,48,17
2020-01-07 03:00:00,3,-2,0.0,8.7,2,1,80,03:10 PM,05:14 AM,08:52 AM,05:52 PM,-7,-5,-2,-5,16,1,66,0.0,1029,-2,10,33,10
2020-01-07 06:00:00,3,-2,0.0,8.7,2,1,80,03:10 PM,05:14 AM,08:52 AM,05:52 PM,-6,-4,-2,-4,9,3,70,0.0,1029,-2,10,124,6
2020-01-07 09:00:00,3,-2,0.0,8.7,2,2,80,03:10 PM,05:14 AM,08:52 AM,05:52 PM,-6,-4,-1,-4,12,3,70,0.0,1029,-1,10,302,8
2020-01-07 12:00:00,3,-2,0.0,8.7,2,2,80,03:10 PM,05:14 AM,08:52 AM,05:52 PM,-6,-2,1,-2,13,0,59,0.0,1029,1,10,301,10
2020-01-07 15:00:00,3,-2,0.0,8.7,2,2,80,03:10 PM,05:14 AM,08:52 AM,05:52 PM,-6,1,3,1,6,2,53,0.0,1028,3,10,212,6
2020-01-07 18:00:00,3,-2,0.0,8.7,2,2,80,03:10 PM,05:14 AM,08:52 AM,05:52 PM,-6,1,1,1,3,4,56,0.0,1028,1,10,42,2
2020-01-07 21:00:00,3,-2,0.0,8.7,2,1,80,03:10 PM,05:14 AM,08:52 AM,05:52 PM,-7,1,1,1,3,4,58,0.0,1030,1,10,95,3
2020-01-08 00:00:00,3,-2,0.0,8.7,2,1,88,03:49 PM,06:20 AM,08:51 AM,05:53 PM,-6,0,0,0,3,2,61,0.0,1030,0,10,109,2
2020-01-08 03:00:00,3,-2,0.0,8.7,2,1,88,03:49 PM,06:20 AM,08:51 AM,05:53 PM,-6,0,0,0,2,0,65,0.0,1031,0,10,139,2
2020-01-08 06:00:00,3,-2,0.0,8.7,2,1,88,03:49 PM,06:20 AM,08:51 AM,05:53 PM,-6,-2,-1,-2,6,1,69,0.0,1032,-1,10,220,5
2020-01-08 09:00:00,3,-2,0.0,8.7,2,2,88,03:49 PM,06:20 AM,08:51 AM,05:53 PM,-6,-3,-1,-3,9,3,69,0.0,1032,-1,10,255,7
2020-01-08 12:00:00,3,-2,0.0,8.7,2,2,88,03:49 PM,06:20 AM,08:51 AM,05:53 PM,-6,-1,2,-1,9,4,56,0.0,1032,2,10,276,8
2020-01-08 15:00:00,3,-2,0.0,8.7,2,2,88,03:49 PM,06:20 AM,08:51 AM,05:53 PM,-6,0,3,0,10,4,52,0.0,1031,3,10,273,8
2020-01-08 18:00:00,3,-2,0.0,8.7,2,2,88,03:49 PM,06:20 AM,08:51 AM,05:53 PM,-6,-2,1,-2,13,6,60,0.0,1031,1,10,259,8
2020-01-08 21:00:00,3,-2,0.0,8.7,2,1,88,03:49 PM,06:20 AM,08:51 AM,05:53 PM,-6,-3,-0,-3,15,8,64,0.0,1032,-0,10,255,8
2020-01-09 00:00:00,3,-2,0.0,5.2,2,1,95,04:36 PM,07:27 AM,08:51 AM,05:54 PM,-6,-5,-1,-5,19,10,67,0.0,1031,-1,10,253,10
2020-01-09 03:00:00,3,-2,0.0,5.2,2,1,95,04:36 PM,07:27 AM,08:51 AM,05:54 PM,-7,-5,-1,-5,22,16,67,0.0,1030,-1,10,251,12
2020-01-09 06:00:00,3,-2,0.0,5.2,2,1,95,04:36 PM,07:27 AM,08:51 AM,05:54 PM,-7,-6,-2,-6,23,25,67,0.0,1029,-2,10,249,13
2020-01-09 09:00:00,3,-2,0.0,5.2,2,1,95,04:36 PM,07:27 AM,08:51 AM,05:54 PM,-7,-5,-1,-5,23,67,65,0.0,1029,-1,10,243,14
2020-01-09 12:00:00,3,-2,0.0,5.2,2,2,95,04:36 PM,07:27 AM,08:51 AM,05:54 PM,-6,-2,2,-2,17,66,56,0.0,1027,2,10,244,13
2020-01-09 15:00:00,3,-2,0.0,5.2,2,2,95,04:36 PM,07:27 AM,08:51 AM,05:54 PM,-6,-0,2,-0,14,34,54,0.0,1026,2,10,250,10
2020-01-09 18:00:00,3,-2,0.0,5.2,2,2,95,04:36 PM,07:27 AM,08:51 AM,05:54 PM,-6,-1,1,-1,13,52,59,0.0,1026,1,10,247,8
2020-01-09 21:00:00,3,-2,0.0,5.2,2,1,95,04:36 PM,07:27 AM,08:51 AM,05:54 PM,-6,-1,1,-1,11,54,62,0.0,1027,1,10,245,6
2020-01-10 00:00:00,6,-0,0.0,8.7,2,1,100,05:34 PM,08:29 AM,08:51 AM,05:55 PM,-6,-2,0,-2,14,42,63,0.0,1026,0,10,247,7
2020-01-10 03:00:00,6,-0,0.0,8.7,2,1,100,05:34 PM,08:29 AM,08:51 AM,05:55 PM,-6,-3,0,-3,18,41,62,0.0,1025,0,10,243,9
2020-01-10 06:00:00,6,-0,0.0,8.7,2,1,100,05:34 PM,08:29 AM,08:51 AM,05:55 PM,-6,-4,0,-4,20,53,64,0.0,1024,0,10,230,11
2020-01-10 09:00:00,6,-0,0.0,8.7,2,2,100,05:34 PM,08:29 AM,08:51 AM,05:55 PM,-6,-3,1,-3,22,40,61,0.0,1024,1,10,234,13
2020-01-10 12:00:00,6,-0,0.0,8.7,2,2,100,05:34 PM,08:29 AM,08:51 AM,05:55 PM,-5,1,4,1,18,23,51,0.0,1023,4,10,237,14
2020-01-10 15:00:00,6,-0,0.0,8.7,2,3,100,05:34 PM,08:29 AM,08:51 AM,05:55 PM,-5,3,6,3,20,21,48,0.0,1021,6,10,236,14
2020-01-10 18:00:00,6,-0,0.0,8.7,2,2,100,05:34 PM,08:29 AM,08:51 AM,05:55 PM,-4,1,4,1,23,17,53,0.0,1021,4,10,235,12
2020-01-10 21:00:00,6,-0,0.0,8.7,2,1,100,05:34 PM,08:29 AM,08:51 AM,05:55 PM,-4,0,3,0,26,16,59,0.0,1022,3,10,237,13
2020-01-11 00:00:00,8,2,0.0,6.9,3,1,100,06:41 PM,09:25 AM,08:50 AM,05:56 PM,-3,-1,3,-1,27,15,64,0.0,1022,3,10,240,13
2020-01-11 03:00:00,8,2,0.0,6.9,3,1,100,06:41 PM,09:25 AM,08:50 AM,05:56 PM,-2,-1,3,-1,24,18,70,0.0,1022,3,10,241,12
2020-01-11 06:00:00,8,2,0.0,6.9,3,1,100,06:41 PM,09:25 AM,08:50 AM,05:56 PM,-2,-0,2,-0,18,41,77,0.0,1022,2,10,241,9
2020-01-11 09:00:00,8,2,0.0,6.9,3,2,100,06:41 PM,09:25 AM,08:50 AM,05:56 PM,-1,2,3,2,8,58,74,0.0,1023,3,10,193,4
2020-01-11 12:00:00,8,2,0.0,6.9,3,3,100,06:41 PM,09:25 AM,08:50 AM,05:56 PM,-0,5,6,5,7,38,64,0.0,1023,6,10,95,5
2020-01-11 15:00:00,8,2,0.0,6.9,3,2,100,06:41 PM,09:25 AM,08:50 AM,05:56 PM,1,7,8,7,5,63,61,0.0,1023,8,10,161,4
2020-01-11 18:00:00,8,2,0.0,6.9,3,3,100,06:41 PM,09:25 AM,08:50 AM,05:56 PM,1,6,7,6,5,75,66,0.0,1025,7,10,329,3
2020-01-11 21:00:00,8,2,0.0,6.9,3,1,100,06:41 PM,09:25 AM,08:50 AM,05:56 PM,0,5,6,5,12,40,67,0.0,1027,6,10,331,6
2020-01-12 00:00:00,7,2,0.0,5.2,3,1,83,07:55 PM,10:12 AM,08:50 AM,05:58 PM,-0,4,5,4,10,32,68,0.0,1028,5,10,245,5
2020-01-12 03:00:00,7,2,0.0,5.2,3,1,83,07:55 PM,10:12 AM,08:50 AM,05:58 PM,-1,3,4,3,10,52,71,0.0,1029,4,10,44,5
2020-01-12 06:00:00,7,2,0.0,5.2,3,1,83,07:55 PM,10:12 AM,08:50 AM,05:58 PM,-0,2,3,2,8,49,78,0.0,1029,3,10,114,4
2020-01-12 09:00:00,7,2,0.0,5.2,3,1,83,07:55 PM,10:12 AM,08:50 AM,05:58 PM,0,4,4,4,4,49,79,0.0,1031,4,10,117,2
2020-01-12 12:00:00,7,2,0.0,5.2,3,2,83,07:55 PM,10:12 AM,08:50 AM,05:58 PM,0,6,6,6,5,83,66,0.0,1031,6,10,88,4
2020-01-12 15:00:00,7,2,0.0,5.2,3,2,83,07:55 PM,10:12 AM,08:50 AM,05:58 PM,1,6,7,6,8,90,64,0.0,1030,7,10,251,5
2020-01-12 18:00:00,7,2,0.0,5.2,3,3,83,07:55 PM,10:12 AM,08:50 AM,05:58 PM,1,4,5,4,10,67,74,0.0,1030,5,10,239,5
2020-01-12 21:00:00,7,2,0.0,5.2,3,1,83,07:55 PM,10:12 AM,08:50 AM,05:58 PM,1,2,4,2,15,48,83,0.0,1030,4,10,253,8
2020-01-13 00:00:00,8,1,0.0,8.7,2,1,76,09:11 PM,10:52 AM,08:50 AM,05:59 PM,1,-0,3,-0,21,19,88,0.0,1030,3,10,249,11
2020-01-13 03:00:00,8,1,0.0,8.7,2,1,76,09:11 PM,10:52 AM,08:50 AM,05:59 PM,0,-1,2,-1,25,2,88,0.0,1029,2,10,246,13
2020-01-13 06:00:00,8,1,0.0,8.7,2,1,76,09:11 PM,10:52 AM,08:50 AM,05:59 PM,0,-2,2,-2,28,4,88,0.0,1028,2,10,243,15
2020-01-13 09:00:00,8,1,0.0,8.7,2,2,76,09:11 PM,10:52 AM,08:50 AM,05:59 PM,0,-1,3,-1,26,5,84,0.0,1028,3,10,242,15
2020-01-13 12:00:00,8,1,0.0,8.7,2,3,76,09:11 PM,10:52 AM,08:50 AM,05:59 PM,1,2,6,2,22,2,70,0.0,1027,6,10,244,17
2020-01-13 15:00:00,8,1,0.0,8.7,2,3,76,09:11 PM,10:52 AM,08:50 AM,05:59 PM,1,5,7,5,18,3,66,0.0,1026,7,10,243,14
2020-01-13 18:00:00,8,1,0.0,8.7,2,3,76,09:11 PM,10:52 AM,08:50 AM,05:59 PM,2,4,6,4,13,6,76,0.0,1026,6,10,239,8
2020-01-13 21:00:00,8,1,0.0,8.7,2,1,76,09:11 PM,10:52 AM,08:50 AM,05:59 PM,3,3,5,3,7,3,83,0.0,1026,4,10,262,4
2020-01-14 00:00:00,7,1,0.0,9.5,2,1,69,10:27 PM,11:26 AM,08:49 AM,06:00 PM,3,1,4,1,4,5,86,0.0,1027,2,10,223,3
2020-01-14 03:00:00,7,1,0.0,9.5,2,1,69,10:27 PM,11:26 AM,08:49 AM,06:00 PM,0,1,2,1,8,14,88,0.0,1026,2,10,106,4
2020-01-14 06:00:00,7,1,0.0,9.5,2,1,69,10:27 PM,11:26 AM,08:49 AM,06:00 PM,-1,-1,1,-1,11,13,88,0.0,1025,1,10,248,6
2020-01-14 09:00:00,7,1,0.0,9.5,2,2,69,10:27 PM,11:26 AM,08:49 AM,06:00 PM,-1,-0,2,-0,13,25,81,0.0,1026,2,10,248,8
2020-01-14 12:00:00,7,1,0.0,9.5,2,3,69,10:27 PM,11:26 AM,08:49 AM,06:00 PM,-1,3,5,3,13,29,66,0.0,1026,5,10,248,10
2020-01-14 15:00:00,7,1,0.0,9.5,2,3,69,10:27 PM,11:26 AM,08:49 AM,06:00 PM,0,5,7,5,12,26,63,0.0,1025,7,10,250,9
2020-01-14 18:00:00,7,1,0.0,9.5,2,3,69,10:27 PM,11:26 AM,08:49 AM,06:00 PM,1,5,6,5,9,34,72,0.0,1026,6,10,248,5
2020-01-14 21:00:00,7,1,0.0,9.5,2,1,69,10:27 PM,11:26 AM,08:49 AM,06:00 PM,1,4,5,4,6,24,78,0.0,1028,5,10,271,4
2020-01-15 00:00:00,8,2,0.0,9.5,3,1,61,11:43 PM,11:56 AM,08:49 AM,06:01 PM,1,4,4,4,5,8,81,0.0,1028,4,10,266,3
2020-01-15 03:00:00,8,2,0.0,9.5,3,1,61,11:43 PM,11:56 AM,08:49 AM,06:01 PM,1,3,3,3,6,4,83,0.0,1029,3,10,258,4
2020-01-15 06:00:00,8,2,0.0,9.5,3,1,61,11:43 PM,11:56 AM,08:49 AM,06:01 PM,1,2,3,2,6,0,85,0.0,1030,3,10,244,4
2020-01-15 09:00:00,8,2,0.0,9.5,3,2,61,11:43 PM,11:56 AM,08:49 AM,06:01 PM,1,3,4,3,6,0,80,0.0,1030,4,10,232,4
2020-01-15 12:00:00,8,2,0.0,9.5,3,3,61,11:43 PM,11:56 AM,08:49 AM,06:01 PM,1,7,7,7,4,2,64,0.0,1030,7,10,250,4
2020-01-15 15:00:00,8,2,0.0,9.5,3,3,61,11:43 PM,11:56 AM,08:49 AM,06:01 PM,0,8,8,8,4,3,58,0.0,1030,8,10,208,3
2020-01-15 18:00:00,8,2,0.0,9.5,3,3,61,11:43 PM,11:56 AM,08:49 AM,06:01 PM,2,8,8,8,4,0,65,0.0,1030,8,10,145,3
2020-01-15 21:00:00,8,2,0.0,9.5,3,1,61,11:43 PM,11:56 AM,08:49 AM,06:01 PM,2,6,6,6,5,0,72,0.0,1031,6,10,85,4
2020-01-16 00:00:00,9,1,0.0,9.5,3,1,54,No moonrise,12:23 PM,08:48 AM,06:02 PM,2,4,5,4,6,0,79,0.0,1031,5,10,63,4
2020-01-16 03:00:00,9,1,0.0,9.5,3,1,54,No moonrise,12:23 PM,08:48 AM,06:02 PM,1,2,4,2,9,0,83,0.0,1031,4,10,51,5
2020-01-16 06:00:00,9,1,0.0,9.5,3,1,54,No moonrise,12:23 PM,08:48 AM,06:02 PM,0,1,2,1,9,3,88,0.0,1030,2,10,67,6
2020-01-16 09:00:00,9,1,0.0,9.5,3,2,54,No moonrise,12:23 PM,08:48 AM,06:02 PM,0,2,3,2,8,6,85,0.0,1031,3,10,85,5
2020-01-16 12:00:00,9,1,0.0,9.5,3,3,54,No moonrise,12:23 PM,08:48 AM,06:02 PM,2,7,7,7,3,0,71,0.0,1031,7,10,122,3
2020-01-16 15:00:00,9,1,0.0,9.5,3,3,54,No moonrise,12:23 PM,08:48 AM,06:02 PM,2,8,8,8,3,0,66,0.0,1030,8,10,226,3
2020-01-16 18:00:00,9,1,0.0,9.5,3,3,54,No moonrise,12:23 PM,08:48 AM,06:02 PM,2,6,6,6,5,0,73,0.0,1030,6,10,231,4
2020-01-16 21:00:00,9,1,0.0,9.5,3,1,54,No moonrise,12:23 PM,08:48 AM,06:02 PM,1,3,4,3,8,0,80,0.0,1031,4,10,35,6
2020-01-17 00:00:00,6,-0,0.0,8.2,2,1,47,12:56 AM,12:50 PM,08:48 AM,06:04 PM,1,1,3,1,10,0,85,0.0,1032,3,10,41,6
2020-01-17 03:00:00,6,-0,0.0,8.2,2,1,47,12:56 AM,12:50 PM,08:48 AM,06:04 PM,1,1,2,1,9,0,87,0.0,1032,2,10,35,6
2020-01-17 06:00:00,6,-0,0.0,8.2,2,1,47,12:56 AM,12:50 PM,08:48 AM,06:04 PM,-1,-1,1,-1,9,2,85,0.0,1032,1,10,40,6
2020-01-17 09:00:00,6,-0,0.0,8.2,2,2,47,12:56 AM,12:50 PM,08:48 AM,06:04 PM,-3,-1,1,-1,12,16,75,0.0,1033,1,10,34,8
2020-01-17 12:00:00,6,-0,0.0,8.2,2,1,47,12:56 AM,12:50 PM,08:48 AM,06:04 PM,-2,2,4,2,9,46,63,0.0,1032,4,10,31,8
2020-01-17 15:00:00,6,-0,0.0,8.2,2,2,47,12:56 AM,12:50 PM,08:48 AM,06:04 PM,-1,4,6,4,9,74,63,0.0,1031,6,10,26,7
2020-01-17 18:00:00,6,-0,0.0,8.2,2,2,47,12:56 AM,12:50 PM,08:48 AM,06:04 PM,-0,3,5,3,10,73,71,0.0,1031,5,10,21,6
2020-01-17 21:00:00,6,-0,0.0,8.2,2,1,47,12:56 AM,12:50 PM,08:48 AM,06:04 PM,0,1,3,1,14,58,82,0.0,1032,3,10,42,8
2020-01-18 00:00:00,5,1,0.0,9.6,1,1,40,02:09 AM,01:18 PM,08:47 AM,06:05 PM,0,-2,1,-2,16,61,91,0.0,1032,1,10,54,9
2020-01-18 03:00:00,5,1,0.0,9.6,1,1,40,02:09 AM,01:18 PM,08:47 AM,06:05 PM,-1,-2,1,-2,13,80,86,0.0,1032,1,10,43,8
2020-01-18 06:00:00,5,1,0.0,9.6,1,1,40,02:09 AM,01:18 PM,08:47 AM,06:05 PM,-3,0,2,0,6,88,72,0.0,1032,2,10,52,5
2020-01-18 09:00:00,5,1,0.0,9.6,1,2,40,02:09 AM,01:18 PM,08:47 AM,06:05 PM,-3,1,2,1,5,65,70,0.0,1031,2,10,85,4
2020-01-18 12:00:00,5,1,0.0,9.6,1,2,40,02:09 AM,01:18 PM,08:47 AM,06:05 PM,-3,3,4,3,5,27,62,0.0,1030,4,10,89,5
2020-01-18 15:00:00,5,1,0.0,9.6,1,2,40,02:09 AM,01:18 PM,08:47 AM,06:05 PM,-3,3,5,3,7,37,59,0.0,1028,5,10,121,6
2020-01-18 18:00:00,5,1,0.0,9.6,1,2,40,02:09 AM,01:18 PM,08:47 AM,06:05 PM,-2,2,4,2,8,39,67,0.0,1027,4,10,120,5
2020-01-18 21:00:00,5,1,0.0,9.6,1,1,40,02:09 AM,01:18 PM,08:47 AM,06:05 PM,-2,1,2,1,8,48,76,0.0,1027,2,10,99,5
2020-01-19 00:00:00,3,-1,0.0,4.8,1,1,32,03:22 AM,01:48 PM,08:46 AM,06:06 PM,-2,-1,1,-1,10,60,81,0.0,1027,1,10,62,6
2020-01-19 03:00:00,3,-1,0.0,4.8,1,1,32,03:22 AM,01:48 PM,08:46 AM,06:06 PM,-2,-1,1,-1,9,87,80,0.0,1027,1,10,67,6
2020-01-19 06:00:00,3,-1,0.0,4.8,1,1,32,03:22 AM,01:48 PM,08:46 AM,06:06 PM,-3,0,1,0,6,85,74,0.0,1027,1,10,51,5
2020-01-19 09:00:00,3,-1,0.0,4.8,1,1,32,03:22 AM,01:48 PM,08:46 AM,06:06 PM,-3,1,2,1,5,78,71,0.0,1028,2,10,69,4
2020-01-19 12:00:00,3,-1,0.0,4.8,1,1,32,03:22 AM,01:48 PM,08:46 AM,06:06 PM,-3,3,3,3,3,87,64,0.0,1028,3,10,168,3
2020-01-19 15:00:00,3,-1,0.0,4.8,1,1,32,03:22 AM,01:48 PM,08:46 AM,06:06 PM,-4,3,3,3,3,86,61,0.0,1028,3,10,226,2
2020-01-19 18:00:00,3,-1,0.0,4.8,1,1,32,03:22 AM,01:48 PM,08:46 AM,06:06 PM,-4,1,3,1,7,78,64,0.0,1030,3,10,73,5
2020-01-19 21:00:00,3,-1,0.0,4.8,1,1,32,03:22 AM,01:48 PM,08:46 AM,06:06 PM,-4,-1,1,-1,8,97,69,0.0,1033,1,10,78,5
2020-01-20 00:00:00,4,-0,0.0,8.2,1,1,25,04:33 AM,02:22 PM,08:46 AM,06:07 PM,-3,-0,2,-0,6,98,67,0.0,1035,0,10,146,5
2020-01-20 03:00:00,4,-0,0.0,8.2,1,1,25,04:33 AM,02:22 PM,08:46 AM,06:07 PM,-3,-1,2,-1,11,95,69,0.0,1036,2,10,254,8
2020-01-20 06:00:00,4,-0,0.0,8.2,1,1,25,04:33 AM,02:22 PM,08:46 AM,06:07 PM,-3,-1,1,-1,12,98,71,0.1,1038,1,10,43,8
2020-01-20 09:00:00,4,-0,0.0,8.2,1,1,25,04:33 AM,02:22 PM,08:46 AM,06:07 PM,-3,0,2,0,6,92,70,0.0,1040,2,10,124,4
2020-01-20 12:00:00,4,-0,0.0,8.2,1,2,25,04:33 AM,02:22 PM,08:46 AM,06:07 PM,-4,2,3,2,4,73,61,0.0,1041,3,10,285,3
2020-01-20 15:00:00,4,-0,0.0,8.2,1,2,25,04:33 AM,02:22 PM,08:46 AM,06:07 PM,-4,2,4,2,10,32,56,0.0,1041,4,10,265,8
2020-01-20 18:00:00,4,-0,0.0,8.2,1,2,25,04:33 AM,02:22 PM,08:46 AM,06:07 PM,-3,1,3,1,13,6,61,0.0,1042,3,10,259,9
2020-01-20 21:00:00,4,-0,0.0,8.2,1,1,25,04:33 AM,02:22 PM,08:46 AM,06:07 PM,-3,-0,2,-0,12,3,67,0.0,1043,2,10,268,7
2020-01-21 00:00:00,4,-1,0.0,9.6,2,1,18,05:42 AM,03:03 PM,08:45 AM,06:09 PM,-2,-1,1,-1,6,10,72,0.0,1043,-0,10,249,4
2020-01-21 03:00:00,4,-1,0.0,9.6,2,1,18,05:42 AM,03:03 PM,08:45 AM,06:09 PM,-4,-2,-0,-2,9,24,78,0.0,1043,-0,10,184,5
2020-01-21 06:00:00,4,-1,0.0,9.6,2,1,18,05:42 AM,03:03 PM,08:45 AM,06:09 PM,-3,-4,-1,-4,12,23,85,0.0,1043,-1,10,172,8
2020-01-21 09:00:00,4,-1,0.0,9.6,2,1,18,05:42 AM,03:03 PM,08:45 AM,06:09 PM,-3,-3,-0,-3,9,55,83,0.0,1042,-0,10,204,6
2020-01-21 12:00:00,4,-1,0.0,9.6,2,2,18,05:42 AM,03:03 PM,08:45 AM,06:09 PM,-3,-0,2,-0,12,81,68,0.0,1040,2,10,254,10
2020-01-21 15:00:00,4,-1,0.0,9.6,2,2,18,05:42 AM,03:03 PM,08:45 AM,06:09 PM,-3,1,4,1,17,34,60,0.0,1039,4,10,261,12
2020-01-21 18:00:00,4,-1,0.0,9.6,2,2,18,05:42 AM,03:03 PM,08:45 AM,06:09 PM,-3,-1,3,-1,19,12,66,0.0,1038,3,10,254,11
2020-01-21 21:00:00,4,-1,0.0,9.6,2,1,18,05:42 AM,03:03 PM,08:45 AM,06:09 PM,-4,-3,1,-3,23,7,72,0.0,1037,1,10,252,13
2020-01-22 00:00:00,5,-1,0.0,9.7,2,1,11,06:46 AM,03:49 PM,08:44 AM,06:10 PM,-4,-4,0,-4,23,10,74,0.0,1035,0,10,253,13
2020-01-22 03:00:00,5,-1,0.0,9.7,2,1,11,06:46 AM,03:49 PM,08:44 AM,06:10 PM,-4,-4,-0,-4,25,11,73,0.0,1034,-0,10,248,14
2020-01-22 06:00:00,5,-1,0.0,9.7,2,1,11,06:46 AM,03:49 PM,08:44 AM,06:10 PM,-5,-5,-0,-5,30,13,73,0.0,1032,-0,10,246,18
2020-01-22 09:00:00,5,-1,0.0,9.7,2,2,11,06:46 AM,03:49 PM,08:44 AM,06:10 PM,-5,-4,1,-4,30,16,69,0.0,1030,1,10,246,20
2020-01-22 12:00:00,5,-1,0.0,9.7,2,1,11,06:46 AM,03:49 PM,08:44 AM,06:10 PM,-4,-0,4,-0,26,31,55,0.0,1027,4,10,250,20
2020-01-22 15:00:00,5,-1,0.0,9.7,2,1,11,06:46 AM,03:49 PM,08:44 AM,06:10 PM,-4,1,5,1,28,77,52,0.0,1024,5,10,248,21
2020-01-22 18:00:00,5,-1,0.0,9.7,2,2,11,06:46 AM,03:49 PM,08:44 AM,06:10 PM,-4,-0,3,-0,27,42,56,0.0,1022,3,10,257,17
2020-01-22 21:00:00,5,-1,0.0,9.7,2,1,11,06:46 AM,03:49 PM,08:44 AM,06:10 PM,-5,-0,2,-0,15,30,61,0.0,1021,2,10,292,8
2020-01-23 00:00:00,8,0,0.0,9.7,3,1,3,07:44 AM,04:42 PM,08:43 AM,06:11 PM,-5,-0,1,-0,12,67,62,0.0,1022,1,10,236,6
2020-01-23 03:00:00,8,0,0.0,9.7,3,1,3,07:44 AM,04:42 PM,08:43 AM,06:11 PM,-6,-2,2,-2,23,16,56,0.0,1024,2,10,151,12
2020-01-23 06:00:00,8,0,0.0,9.7,3,1,3,07:44 AM,04:42 PM,08:43 AM,06:11 PM,-7,-3,1,-3,25,3,54,0.0,1027,1,10,319,13
2020-01-23 09:00:00,8,0,0.0,9.7,3,2,3,07:44 AM,04:42 PM,08:43 AM,06:11 PM,-6,-1,2,-1,17,0,55,0.0,1030,2,10,288,10
2020-01-23 12:00:00,8,0,0.0,9.7,3,3,3,07:44 AM,04:42 PM,08:43 AM,06:11 PM,-6,4,6,4,10,0,41,0.0,1031,6,10,279,9
2020-01-23 15:00:00,8,0,0.0,9.7,3,3,3,07:44 AM,04:42 PM,08:43 AM,06:11 PM,-7,8,8,8,6,0,33,0.0,1031,8,10,291,5
2020-01-23 18:00:00,8,0,0.0,9.7,3,3,3,07:44 AM,04:42 PM,08:43 AM,06:11 PM,-6,6,7,6,5,0,40,0.0,1032,7,10,228,4
2020-01-23 21:00:00,8,0,0.0,9.7,3,1,3,07:44 AM,04:42 PM,08:43 AM,06:11 PM,-5,3,4,3,8,0,51,0.0,1033,4,10,116,6
2020-01-24 00:00:00,6,-1,0.0,9.7,2,1,0,08:33 AM,05:42 PM,08:43 AM,06:13 PM,-4,2,3,2,6,0,62,0.0,1034,3,10,161,5
2020-01-24 03:00:00,6,-1,0.0,9.7,2,1,0,08:33 AM,05:42 PM,08:43 AM,06:13 PM,-3,2,2,2,4,1,70,0.0,1034,2,10,177,3
2020-01-24 06:00:00,6,-1,0.0,9.7,2,1,0,08:33 AM,05:42 PM,08:43 AM,06:13 PM,-5,-0,1,-0,7,2,66,0.0,1033,1,10,203,5
2020-01-24 09:00:00,6,-1,0.0,9.7,2,2,0,08:33 AM,05:42 PM,08:43 AM,06:13 PM,-6,-2,1,-2,13,4,61,0.0,1032,1,10,219,9
2020-01-24 12:00:00,6,-1,0.0,9.7,2,2,0,08:33 AM,05:42 PM,08:43 AM,06:13 PM,-7,1,4,1,16,1,46,0.0,1031,4,10,243,13
2020-01-24 15:00:00,6,-1,0.0,9.7,2,3,0,08:33 AM,05:42 PM,08:43 AM,06:13 PM,-6,2,5,2,19,0,45,0.0,1028,5,10,239,14
2020-01-24 18:00:00,6,-1,0.0,9.7,2,2,0,08:33 AM,05:42 PM,08:43 AM,06:13 PM,-6,0,4,0,24,1,50,0.0,1027,4,10,240,13
2020-01-24 21:00:00,6,-1,0.0,9.7,2,1,0,08:33 AM,05:42 PM,08:43 AM,06:13 PM,-6,-2,2,-2,28,2,54,0.0,1026,2,10,244,15
2020-01-25 00:00:00,8,-0,0.0,9.7,2,1,0,09:15 AM,06:43 PM,08:42 AM,06:14 PM,-6,-3,1,-3,30,2,57,0.0,1025,1,10,248,16
2020-01-25 03:00:00,8,-0,0.0,9.7,2,1,0,09:15 AM,06:43 PM,08:42 AM,06:14 PM,-6,-4,0,-4,31,6,60,0.0,1023,0,10,246,17
2020-01-25 06:00:00,8,-0,0.0,9.7,2,1,0,09:15 AM,06:43 PM,08:42 AM,06:14 PM,-7,-5,-0,-5,31,9,62,0.0,1023,-0,10,244,18
2020-01-25 09:00:00,8,-0,0.0,9.7,2,2,0,09:15 AM,06:43 PM,08:42 AM,06:14 PM,-6,-3,1,-3,24,11,59,0.0,1023,1,10,243,15
2020-01-25 12:00:00,8,-0,0.0,9.7,2,3,0,09:15 AM,06:43 PM,08:42 AM,06:14 PM,-6,3,5,3,13,8,44,0.0,1023,5,10,249,11
2020-01-25 15:00:00,8,-0,0.0,9.7,2,3,0,09:15 AM,06:43 PM,08:42 AM,06:14 PM,-6,6,7,6,8,4,37,0.0,1022,7,10,247,6
2020-01-25 18:00:00,8,-0,0.0,9.7,2,3,0,09:15 AM,06:43 PM,08:42 AM,06:14 PM,-5,6,6,6,5,12,43,0.0,1022,6,10,228,3
2020-01-25 21:00:00,8,-0,0.0,9.7,2,1,0,09:15 AM,06:43 PM,08:42 AM,06:14 PM,-6,5,5,5,3,22,48,0.0,1023,5,10,252,1
2020-01-26 00:00:00,9,1,0.0,9.7,3,1,4,09:49 AM,07:46 PM,08:41 AM,06:15 PM,-6,4,4,4,5,9,49,0.0,1024,4,10,215,2
2020-01-26 03:00:00,9,1,0.0,9.7,3,1,4,09:49 AM,07:46 PM,08:41 AM,06:15 PM,-6,2,3,2,10,12,51,0.0,1023,3,10,41,5
2020-01-26 06:00:00,9,1,0.0,9.7,3,1,4,09:49 AM,07:46 PM,08:41 AM,06:15 PM,-5,0,3,0,15,11,59,0.0,1023,3,10,55,7
2020-01-26 09:00:00,9,1,0.0,9.7,3,2,4,09:49 AM,07:46 PM,08:41 AM,06:15 PM,-4,0,3,0,17,6,64,0.0,1025,3,10,67,10
2020-01-26 12:00:00,9,1,0.0,9.7,3,3,4,09:49 AM,07:46 PM,08:41 AM,06:15 PM,-4,4,7,4,13,12,49,0.0,1025,7,10,74,10
2020-01-26 15:00:00,9,1,0.0,9.7,3,3,4,09:49 AM,07:46 PM,08:41 AM,06:15 PM,-3,7,9,7,10,13,44,0.0,1023,9,10,76,8
2020-01-26 18:00:00,9,1,0.0,9.7,3,3,4,09:49 AM,07:46 PM,08:41 AM,06:15 PM,-2,6,7,6,11,10,51,0.0,1023,7,10,71,6
2020-01-26 21:00:00,9,1,0.0,9.7,3,1,4,09:49 AM,07:46 PM,08:41 AM,06:15 PM,-3,4,5,4,14,43,57,0.0,1023,5,10,62,7
2020-01-27 00:00:00,9,3,0.0,8.2,3,1,11,10:18 AM,08:49 PM,08:40 AM,06:17 PM,-3,2,4,2,14,74,60,0.0,1022,4,10,55,7
2020-01-27 03:00:00,9,3,0.0,8.2,3,1,11,10:18 AM,08:49 PM,08:40 AM,06:17 PM,-3,1,4,1,16,17,63,0.0,1021,4,10,45,8
2020-01-27 06:00:00,9,3,0.0,8.2,3,1,11,10:18 AM,08:49 PM,08:40 AM,06:17 PM,-2,1,3,1,18,12,70,0.0,1019,3,10,50,9
2020-01-27 09:00:00,9,3,0.0,8.2,3,2,11,10:18 AM,08:49 PM,08:40 AM,06:17 PM,-0,1,4,1,19,17,75,0.0,1018,4,10,50,11
2020-01-27 12:00:00,9,3,0.0,8.2,3,2,11,10:18 AM,08:49 PM,08:40 AM,06:17 PM,1,5,7,5,14,44,66,0.0,1017,7,10,50,10
2020-01-27 15:00:00,9,3,0.0,8.2,3,2,11,10:18 AM,08:49 PM,08:40 AM,06:17 PM,2,8,9,8,8,91,63,0.0,1015,9,10,149,6
2020-01-27 18:00:00,9,3,0.0,8.2,3,2,11,10:18 AM,08:49 PM,08:40 AM,06:17 PM,3,7,8,7,6,100,72,0.2,1015,8,7,334,4
2020-01-27 21:00:00,9,3,0.0,8.2,3,1,11,10:18 AM,08:49 PM,08:40 AM,06:17 PM,3,5,7,5,11,100,78,0.4,1015,7,5,311,7
2020-01-28 00:00:00,11,4,0.0,9.8,2,1,18,10:44 AM,09:50 PM,08:39 AM,06:18 PM,3,5,6,5,11,100,80,0.1,1014,6,10,263,7
2020-01-28 03:00:00,11,4,0.0,9.8,2,1,18,10:44 AM,09:50 PM,08:39 AM,06:18 PM,3,3,5,3,15,91,88,0.1,1014,5,10,250,9
2020-01-28 06:00:00,11,4,0.0,9.8,2,1,18,10:44 AM,09:50 PM,08:39 AM,06:18 PM,3,2,4,2,18,68,93,0.0,1014,4,7,249,10
2020-01-28 09:00:00,11,4,0.0,9.8,2,3,18,10:44 AM,09:50 PM,08:39 AM,06:18 PM,4,3,5,3,17,52,89,0.0,1014,5,5,246,10
2020-01-28 12:00:00,11,4,0.0,9.8,2,3,18,10:44 AM,09:50 PM,08:39 AM,06:18 PM,4,8,9,8,14,39,72,0.0,1013,9,10,253,11
2020-01-28 15:00:00,11,4,0.0,9.8,2,4,18,10:44 AM,09:50 PM,08:39 AM,06:18 PM,4,9,11,9,18,41,63,0.0,1011,11,10,247,14
2020-01-28 18:00:00,11,4,0.0,9.8,2,3,18,10:44 AM,09:50 PM,08:39 AM,06:18 PM,3,6,9,6,22,48,70,0.0,1011,9,10,239,13
2020-01-28 21:00:00,11,4,0.0,9.8,2,1,18,10:44 AM,09:50 PM,08:39 AM,06:18 PM,3,4,7,4,24,19,75,0.0,1011,7,10,240,13
2020-01-29 00:00:00,11,5,0.0,6.6,3,1,26,11:07 AM,10:51 PM,08:38 AM,06:19 PM,2,4,6,4,22,15,77,0.0,1009,6,10,228,12
2020-01-29 03:00:00,11,5,0.0,6.6,3,1,26,11:07 AM,10:51 PM,08:38 AM,06:19 PM,2,3,6,3,22,32,75,0.0,1007,6,10,221,11
2020-01-29 06:00:00,11,5,0.0,6.6,3,1,26,11:07 AM,10:51 PM,08:38 AM,06:19 PM,2,4,6,4,24,69,75,0.0,1005,6,10,231,12
2020-01-29 09:00:00,11,5,0.0,6.6,3,2,26,11:07 AM,10:51 PM,08:38 AM,06:19 PM,3,5,8,5,25,97,75,0.4,1005,8,10,256,15
2020-01-29 12:00:00,11,5,0.0,6.6,3,2,26,11:07 AM,10:51 PM,08:38 AM,06:19 PM,4,7,10,7,27,91,68,1.1,1006,10,9,267,20
2020-01-29 15:00:00,11,5,0.0,6.6,3,4,26,11:07 AM,10:51 PM,08:38 AM,06:19 PM,1,9,11,9,21,61,49,0.7,1008,11,9,279,15
2020-01-29 18:00:00,11,5,0.0,6.6,3,3,26,11:07 AM,10:51 PM,08:38 AM,06:19 PM,-1,7,9,7,20,20,48,0.0,1009,9,10,257,11
2020-01-29 21:00:00,11,5,0.0,6.6,3,1,26,11:07 AM,10:51 PM,08:38 AM,06:19 PM,-1,4,7,4,24,43,61,0.0,1011,7,10,264,13
2020-01-30 00:00:00,9,3,0.0,9.8,2,1,33,11:29 AM,11:51 PM,08:37 AM,06:21 PM,-1,2,5,2,22,64,66,0.0,1011,5,10,247,12
2020-01-30 03:00:00,9,3,0.0,9.8,2,1,33,11:29 AM,11:51 PM,08:37 AM,06:21 PM,-1,2,5,2,22,72,69,0.1,1012,5,10,240,13
2020-01-30 06:00:00,9,3,0.0,9.8,2,1,33,11:29 AM,11:51 PM,08:37 AM,06:21 PM,-1,2,4,2,13,13,73,0.0,1013,4,10,185,8
2020-01-30 09:00:00,9,3,0.0,9.8,2,2,33,11:29 AM,11:51 PM,08:37 AM,06:21 PM,-1,4,5,4,6,6,66,0.0,1014,5,10,113,4
2020-01-30 12:00:00,9,3,0.0,9.8,2,3,33,11:29 AM,11:51 PM,08:37 AM,06:21 PM,-2,7,7,7,7,6,50,0.0,1015,7,10,230,6
2020-01-30 15:00:00,9,3,0.0,9.8,2,3,33,11:29 AM,11:51 PM,08:37 AM,06:21 PM,-4,7,9,7,13,5,41,0.0,1015,9,10,271,10
2020-01-30 18:00:00,9,3,0.0,9.8,2,3,33,11:29 AM,11:51 PM,08:37 AM,06:21 PM,-4,6,7,6,16,3,44,0.0,1016,7,10,266,10
2020-01-30 21:00:00,9,3,0.0,9.8,2,1,33,11:29 AM,11:51 PM,08:37 AM,06:21 PM,-3,2,5,2,21,9,55,0.0,1018,5,10,264,12
2020-01-31 00:00:00,9,2,0.0,6.6,3,1,37,11:50 AM,No moonset,08:36 AM,06:22 PM,-3,1,3,1,17,29,63,0.0,1019,3,10,251,10
2020-01-31 03:00:00,9,2,0.0,6.6,3,1,37,11:50 AM,No moonset,08:36 AM,06:22 PM,-3,-1,2,-1,17,45,67,0.0,1018,2,10,250,10
2020-01-31 06:00:00,9,2,0.0,6.6,3,1,37,11:50 AM,No moonset,08:36 AM,06:22 PM,-5,-1,2,-1,19,37,63,0.0,1018,2,10,253,10
2020-01-31 09:00:00,9,2,0.0,6.6,3,1,37,11:50 AM,No moonset,08:36 AM,06:22 PM,-3,-1,3,-1,23,49,66,0.0,1017,3,10,239,14
2020-01-31 12:00:00,9,2,0.0,6.6,3,2,37,11:50 AM,No moonset,08:36 AM,06:22 PM,-2,2,6,2,25,100,58,0.0,1014,6,10,244,19
2020-01-31 15:00:00,9,2,0.0,6.6,3,2,37,11:50 AM,No moonset,08:36 AM,06:22 PM,-3,5,8,5,34,100,44,0.0,1011,8,10,254,23
2020-01-31 18:00:00,9,2,0.0,6.6,3,3,37,11:50 AM,No moonset,08:36 AM,06:22 PM,-2,5,9,5,42,76,49,0.0,1009,9,10,259,25
2020-01-31 21:00:00,9,2,0.0,6.6,3,1,37,11:50 AM,No moonset,08:36 AM,06:22 PM,1,5,9,5,43,44,61,0.0,1010,9,10,277,26
2020-02-01 00:00:00,13,6,0.0,9.9,4,1,49,12:13 PM,12:52 AM,08:35 AM,06:24 PM,2,5,8,5,27,56,67,0.0,1011,8,10,285,16
2020-02-01 03:00:00,13,6,0.0,9.9,4,1,49,12:13 PM,12:52 AM,08:35 AM,06:24 PM,3,5,7,5,22,31,76,0.0,1012,7,10,273,12
2020-02-01 06:00:00,13,6,0.0,9.9,4,1,49,12:13 PM,12:52 AM,08:35 AM,06:24 PM,3,4,6,4,13,47,83,0.0,1014,6,10,261,6
2020-02-01 09:00:00,13,6,0.0,9.9,4,3,49,12:13 PM,12:52 AM,08:35 AM,06:24 PM,4,5,7,5,15,40,80,0.0,1015,7,10,248,9
2020-02-01 12:00:00,13,6,0.0,9.9,4,4,49,12:13 PM,12:52 AM,08:35 AM,06:24 PM,4,9,11,9,17,25,62,0.0,1015,11,10,244,13
2020-02-01 15:00:00,13,6,0.0,9.9,4,4,49,12:13 PM,12:52 AM,08:35 AM,06:24 PM,4,12,13,12,19,15,56,0.0,1015,13,10,246,14
2020-02-01 18:00:00,13,6,0.0,9.9,4,4,49,12:13 PM,12:52 AM,08:35 AM,06:24 PM,6,11,12,11,18,8,70,0.0,1015,12,10,240,9
2020-02-01 21:00:00,13,6,0.0,9.9,4,1,49,12:13 PM,12:52 AM,08:35 AM,06:24 PM,7,9,10,9,21,4,79,0.0,1015,10,10,246,10
2020-02-02 00:00:00,16,8,0.0,9.9,4,1,57,12:38 PM,01:53 AM,08:33 AM,06:25 PM,6,7,9,7,23,5,84,0.0,1015,9,10,248,11
2020-02-02 03:00:00,16,8,0.0,9.9,4,1,57,12:38 PM,01:53 AM,08:33 AM,06:25 PM,6,6,8,6,28,5,85,0.0,1014,8,10,253,14
2020-02-02 06:00:00,16,8,0.0,9.9,4,1,57,12:38 PM,01:53 AM,08:33 AM,06:25 PM,5,5,8,5,33,6,84,0.0,1013,8,10,245,17
2020-02-02 09:00:00,16,8,0.0,9.9,4,3,57,12:38 PM,01:53 AM,08:33 AM,06:25 PM,5,7,9,7,35,13,76,0.0,1014,9,10,251,21
2020-02-02 12:00:00,16,8,0.0,9.9,4,4,57,12:38 PM,01:53 AM,08:33 AM,06:25 PM,6,12,13,12,36,31,59,0.0,1013,13,10,264,26
2020-02-02 15:00:00,16,8,0.0,9.9,4,5,57,12:38 PM,01:53 AM,08:33 AM,06:25 PM,5,15,16,15,39,31,51,0.0,1013,16,10,267,26
2020-02-02 18:00:00,16,8,0.0,9.9,4,3,57,12:38 PM,01:53 AM,08:33 AM,06:25 PM,3,12,14,12,45,33,48,0.0,1014,14,10,264,27
2020-02-02 21:00:00,16,8,0.0,9.9,4,1,57,12:38 PM,01:53 AM,08:33 AM,06:25 PM,3,9,11,9,40,100,54,0.0,1015,11,10,266,23
2020-02-03 00:00:00,16,9,0.0,8.3,3,1,64,01:06 PM,02:57 AM,08:32 AM,06:26 PM,3,8,10,8,27,100,62,0.0,1015,10,10,267,16
2020-02-03 03:00:00,16,9,0.0,8.3,3,1,64,01:06 PM,02:57 AM,08:32 AM,06:26 PM,4,7,9,7,30,98,70,0.0,1013,9,10,254,17
2020-02-03 06:00:00,16,9,0.0,8.3,3,1,64,01:06 PM,02:57 AM,08:32 AM,06:26 PM,5,7,10,7,37,96,72,0.0,1010,10,10,240,21
2020-02-03 09:00:00,16,9,0.0,8.3,3,4,64,01:06 PM,02:57 AM,08:32 AM,06:26 PM,6,9,12,9,44,80,67,0.0,1008,12,10,252,28
2020-02-03 12:00:00,16,9,0.0,8.3,3,4,64,01:06 PM,02:57 AM,08:32 AM,06:26 PM,6,12,14,12,42,42,58,0.0,1008,14,10,263,30
2020-02-03 15:00:00,16,9,0.0,8.3,3,4,64,01:06 PM,02:57 AM,08:32 AM,06:26 PM,6,14,15,14,44,56,54,0.0,1007,15,10,269,31
2020-02-03 18:00:00,16,9,0.0,8.3,3,3,64,01:06 PM,02:57 AM,08:32 AM,06:26 PM,5,11,14,11,41,82,57,0.0,1008,14,10,274,26
2020-02-03 21:00:00,16,9,0.0,8.3,3,1,64,01:06 PM,02:57 AM,08:32 AM,06:26 PM,4,10,12,10,32,71,60,0.0,1011,12,10,279,19
2020-02-04 00:00:00,11,4,0.0,5.0,3,1,72,01:41 PM,04:01 AM,08:31 AM,06:28 PM,4,8,9,8,20,26,68,0.0,1012,9,10,273,12
2020-02-04 03:00:00,11,4,0.0,5.0,3,1,72,01:41 PM,04:01 AM,08:31 AM,06:28 PM,3,6,8,6,25,60,72,0.0,1013,8,10,278,15
2020-02-04 06:00:00,11,4,0.0,5.0,3,1,72,01:41 PM,04:01 AM,08:31 AM,06:28 PM,3,5,7,5,23,60,73,0.0,1012,7,10,271,13
2020-02-04 09:00:00,11,4,0.0,5.0,3,2,72,01:41 PM,04:01 AM,08:31 AM,06:28 PM,3,5,7,5,17,60,73,0.0,1010,7,10,260,11
2020-02-04 12:00:00,11,4,0.0,5.0,3,2,72,01:41 PM,04:01 AM,08:31 AM,06:28 PM,3,8,10,8,14,100,63,0.0,1006,10,10,221,12
2020-02-04 15:00:00,11,4,0.0,5.0,3,3,72,01:41 PM,04:01 AM,08:31 AM,06:28 PM,3,10,11,10,13,100,60,0.1,1000,11,7,144,11
2020-02-04 18:00:00,11,4,0.0,5.0,3,3,72,01:41 PM,04:01 AM,08:31 AM,06:28 PM,5,9,10,9,11,91,69,0.2,995,10,3,42,7
2020-02-04 21:00:00,11,4,0.0,5.0,3,1,72,01:41 PM,04:01 AM,08:31 AM,06:28 PM,6,7,9,7,13,72,79,0.3,991,8,5,92,8
2020-02-05 00:00:00,7,3,0.0,5.0,2,1,79,02:23 PM,05:07 AM,08:30 AM,06:29 PM,4,3,8,3,34,71,73,0.4,990,5,6,221,22
2020-02-05 03:00:00,7,3,0.0,5.0,2,1,79,02:23 PM,05:07 AM,08:30 AM,06:29 PM,1,1,6,1,44,83,68,0.4,991,6,7,247,32
2020-02-05 06:00:00,7,3,0.0,5.0,2,1,79,02:23 PM,05:07 AM,08:30 AM,06:29 PM,2,2,5,2,23,100,76,0.8,993,5,4,245,18
2020-02-05 09:00:00,7,3,0.0,5.0,2,1,79,02:23 PM,05:07 AM,08:30 AM,06:29 PM,3,3,5,3,14,100,84,1.4,994,5,7,270,11
2020-02-05 12:00:00,7,3,0.0,5.0,2,2,79,02:23 PM,05:07 AM,08:30 AM,06:29 PM,3,4,6,4,10,100,83,1.1,994,6,4,249,8
2020-02-05 15:00:00,7,3,0.0,5.0,2,2,79,02:23 PM,05:07 AM,08:30 AM,06:29 PM,3,4,7,4,23,100,78,1.7,994,7,9,47,17
2020-02-05 18:00:00,7,3,0.0,5.0,2,2,79,02:23 PM,05:07 AM,08:30 AM,06:29 PM,1,2,7,2,46,100,67,1.2,995,7,9,35,34
2020-02-05 21:00:00,7,3,0.0,5.0,2,1,79,02:23 PM,05:07 AM,08:30 AM,06:29 PM,-2,-2,5,-2,68,96,61,1.1,997,5,6,32,53
2020-02-06 00:00:00,2,-0,9.7,5.0,1,1,87,03:15 PM,06:10 AM,08:29 AM,06:31 PM,-5,-4,3,-4,64,93,55,0.3,1000,3,0,29,49
2020-02-06 03:00:00,2,-0,9.7,5.0,1,1,87,03:15 PM,06:10 AM,08:29 AM,06:31 PM,-5,-4,2,-4,46,100,60,0.9,1005,2,0,28,32
2020-02-06 06:00:00,2,-0,9.7,5.0,1,1,87,03:15 PM,06:10 AM,08:29 AM,06:31 PM,-4,-5,0,-5,34,99,75,2.4,1011,0,1,121,23
2020-02-06 09:00:00,2,-0,9.7,5.0,1,1,87,03:15 PM,06:10 AM,08:29 AM,06:31 PM,-3,-2,0,-2,11,95,83,3.3,1014,0,3,292,7
2020-02-06 12:00:00,2,-0,9.7,5.0,1,1,87,03:15 PM,06:10 AM,08:29 AM,06:31 PM,-1,-2,1,-2,12,89,92,3.2,1016,1,4,236,9
2020-02-06 15:00:00,2,-0,9.7,5.0,1,1,87,03:15 PM,06:10 AM,08:29 AM,06:31 PM,-2,-2,1,-2,16,100,79,2.5,1017,1,5,250,10
2020-02-06 18:00:00,2,-0,9.7,5.0,1,1,87,03:15 PM,06:10 AM,08:29 AM,06:31 PM,-6,-2,2,-2,22,91,57,0.0,1017,2,9,320,13
2020-02-06 21:00:00,2,-0,9.7,5.0,1,1,87,03:15 PM,06:10 AM,08:29 AM,06:31 PM,-6,-2,1,-2,16,81,59,0.1,1018,1,8,312,8
2020-02-07 00:00:00,2,-3,1.2,6.7,1,1,95,04:17 PM,07:09 AM,08:27 AM,06:32 PM,-6,-2,-0,-2,13,82,63,0.0,1019,-0,10,296,6
2020-02-07 03:00:00,2,-3,1.2,6.7,1,1,95,04:17 PM,07:09 AM,08:27 AM,06:32 PM,-6,-3,-1,-3,14,56,68,0.0,1019,-1,10,264,7
2020-02-07 06:00:00,2,-3,1.2,6.7,1,1,95,04:17 PM,07:09 AM,08:27 AM,06:32 PM,-5,-6,-2,-6,21,81,80,0.1,1018,-2,10,254,10
2020-02-07 09:00:00,2,-3,1.2,6.7,1,1,95,04:17 PM,07:09 AM,08:27 AM,06:32 PM,-3,-4,-1,-4,18,80,85,0.1,1019,-1,7,254,9
2020-02-07 12:00:00,2,-3,1.2,6.7,1,1,95,04:17 PM,07:09 AM,08:27 AM,06:32 PM,1,-1,2,-1,12,57,95,0.0,1019,2,2,236,8
2020-02-07 15:00:00,2,-3,1.2,6.7,1,1,95,04:17 PM,07:09 AM,08:27 AM,06:32 PM,1,-2,1,-2,22,67,97,0.1,1019,1,2,173,15
2020-02-07 18:00:00,2,-3,1.2,6.7,1,1,95,04:17 PM,07:09 AM,08:27 AM,06:32 PM,-2,-7,-1,-7,35,86,93,0.6,1020,-1,3,89,23
2020-02-07 21:00:00,2,-3,1.2,6.7,1,1,95,04:17 PM,07:09 AM,08:27 AM,06:32 PM,-6,-9,-2,-9,36,75,78,0.7,1023,-2,6,83,23
2020-02-08 00:00:00,0,-5,0.0,10.0,1,1,100,05:29 PM,08:01 AM,08:26 AM,06:34 PM,-9,-9,-3,-9,36,78,65,0.2,1027,-3,8,52,21
2020-02-08 03:00:00,0,-5,0.0,10.0,1,1,100,05:29 PM,08:01 AM,08:26 AM,06:34 PM,-8,-9,-4,-9,24,59,75,0.1,1029,-4,9,117,13
2020-02-08 06:00:00,0,-5,0.0,10.0,1,1,100,05:29 PM,08:01 AM,08:26 AM,06:34 PM,-6,-9,-5,-9,19,12,90,0.0,1031,-5,10,268,10
2020-02-08 09:00:00,0,-5,0.0,10.0,1,2,100,05:29 PM,08:01 AM,08:26 AM,06:34 PM,-6,-8,-3,-8,22,9,85,0.0,1032,-3,10,271,14
2020-02-08 12:00:00,0,-5,0.0,10.0,1,1,100,05:29 PM,08:01 AM,08:26 AM,06:34 PM,-5,-5,-1,-5,20,37,76,0.0,1032,-1,10,270,15
2020-02-08 15:00:00,0,-5,0.0,10.0,1,2,100,05:29 PM,08:01 AM,08:26 AM,06:34 PM,-4,-5,-0,-5,19,71,77,0.0,1031,-0,10,247,14
2020-02-08 18:00:00,0,-5,0.0,10.0,1,2,100,05:29 PM,08:01 AM,08:26 AM,06:34 PM,-4,-6,-2,-6,20,39,82,0.0,1031,-2,10,226,12
2020-02-08 21:00:00,0,-5,0.0,10.0,1,1,100,05:29 PM,08:01 AM,08:26 AM,06:34 PM,-6,-7,-3,-7,19,31,84,0.0,1032,-3,10,225,10
2020-02-09 00:00:00,2,-5,0.0,10.1,2,1,100,06:46 PM,08:45 AM,08:25 AM,06:35 PM,-6,-7,-4,-7,15,33,83,0.0,1032,-4,10,229,9
2020-02-09 03:00:00,2,-5,0.0,10.1,2,1,100,06:46 PM,08:45 AM,08:25 AM,06:35 PM,-6,-7,-4,-7,16,16,83,0.0,1032,-4,10,242,9
2020-02-09 06:00:00,2,-5,0.0,10.1,2,1,100,06:46 PM,08:45 AM,08:25 AM,06:35 PM,-7,-8,-4,-8,17,24,85,0.0,1032,-4,10,245,9
2020-02-09 09:00:00,2,-5,0.0,10.1,2,2,100,06:46 PM,08:45 AM,08:25 AM,06:35 PM,-5,-7,-3,-7,18,14,83,0.0,1033,-3,10,243,10
2020-02-09 12:00:00,2,-5,0.0,10.1,2,2,100,06:46 PM,08:45 AM,08:25 AM,06:35 PM,-3,-3,0,-3,16,5,81,0.0,1032,0,10,241,12
2020-02-09 15:00:00,2,-5,0.0,10.1,2,2,100,06:46 PM,08:45 AM,08:25 AM,06:35 PM,-1,-2,1,-2,16,3,84,0.0,1031,1,10,230,12
2020-02-09 18:00:00,2,-5,0.0,10.1,2,2,100,06:46 PM,08:45 AM,08:25 AM,06:35 PM,-2,-3,0,-3,18,2,89,0.0,1030,0,10,217,10
2020-02-09 21:00:00,2,-5,0.0,10.1,2,1,100,06:46 PM,08:45 AM,08:25 AM,06:35 PM,-3,-4,-1,-4,18,2,88,0.0,1030,-1,10,213,10
2020-02-10 00:00:00,3,-2,0.0,10.0,2,1,83,08:05 PM,09:23 AM,08:23 AM,06:36 PM,-3,-4,-1,-4,15,2,85,0.0,1029,-1,10,215,8
2020-02-10 03:00:00,3,-2,0.0,10.0,2,1,83,08:05 PM,09:23 AM,08:23 AM,06:36 PM,-3,-4,-1,-4,14,4,84,0.0,1028,-1,10,208,8
2020-02-10 06:00:00,3,-2,0.0,10.0,2,1,83,08:05 PM,09:23 AM,08:23 AM,06:36 PM,-5,-6,-2,-6,18,5,82,0.0,1025,-2,10,209,9
2020-02-10 09:00:00,3,-2,0.0,10.0,2,2,83,08:05 PM,09:23 AM,08:23 AM,06:36 PM,-4,-4,-1,-4,16,0,81,0.0,1023,-1,10,219,9
2020-02-10 12:00:00,3,-2,0.0,10.0,2,2,83,08:05 PM,09:23 AM,08:23 AM,06:36 PM,-1,-1,2,-1,14,1,81,0.0,1020,2,10,228,10
2020-02-10 15:00:00,3,-2,0.0,10.0,2,1,83,08:05 PM,09:23 AM,08:23 AM,06:36 PM,0,-0,3,-0,17,26,82,0.0,1017,3,10,221,11
2020-02-10 18:00:00,3,-2,0.0,10.0,2,2,83,08:05 PM,09:23 AM,08:23 AM,06:36 PM,-0,-2,2,-2,23,63,86,0.0,1014,2,10,223,11
2020-02-10 21:00:00,3,-2,0.0,10.0,2,1,83,08:05 PM,09:23 AM,08:23 AM,06:36 PM,-1,-2,2,-2,26,59,85,0.0,1013,2,10,229,12
2020-02-11 00:00:00,7,-2,0.0,6.7,2,1,75,09:24 PM,09:55 AM,08:22 AM,06:38 PM,-1,-2,2,-2,24,80,84,0.0,1011,2,10,232,12
2020-02-11 03:00:00,7,-2,0.0,6.7,2,1,75,09:24 PM,09:55 AM,08:22 AM,06:38 PM,1,-1,3,-1,26,54,89,0.0,1010,3,10,240,13
2020-02-11 06:00:00,7,-2,0.0,6.7,2,1,75,09:24 PM,09:55 AM,08:22 AM,06:38 PM,2,-1,4,-1,39,26,92,0.0,1008,4,10,257,20
2020-02-11 09:00:00,7,-2,0.0,6.7,2,1,75,09:24 PM,09:55 AM,08:22 AM,06:38 PM,2,0,5,0,41,49,83,0.0,1009,5,10,267,23
2020-02-11 12:00:00,7,-2,0.0,6.7,2,2,75,09:24 PM,09:55 AM,08:22 AM,06:38 PM,3,3,6,3,31,100,78,0.0,1007,6,10,266,20
2020-02-11 15:00:00,7,-2,0.0,6.7,2,2,75,09:24 PM,09:55 AM,08:22 AM,06:38 PM,4,3,6,3,29,97,88,0.1,1006,6,10,264,19
2020-02-11 18:00:00,7,-2,0.0,6.7,2,1,75,09:24 PM,09:55 AM,08:22 AM,06:38 PM,3,2,6,2,39,95,83,0.0,1007,5,10,255,23
2020-02-11 21:00:00,7,-2,0.0,6.7,2,1,75,09:24 PM,09:55 AM,08:22 AM,06:38 PM,2,1,4,1,38,67,73,0.0,1010,1,10,266,21
2020-02-12 00:00:00,10,4,0.0,10.2,3,1,68,10:41 PM,10:24 AM,08:21 AM,06:39 PM,-1,-2,2,-2,38,1,67,0.0,1011,0,10,274,21
2020-02-12 03:00:00,10,4,0.0,10.2,3,1,68,10:41 PM,10:24 AM,08:21 AM,06:39 PM,-0,-0,4,-0,41,35,73,0.0,1013,4,10,273,24
2020-02-12 06:00:00,10,4,0.0,10.2,3,1,68,10:41 PM,10:24 AM,08:21 AM,06:39 PM,0,0,5,0,41,82,73,0.0,1014,5,10,272,24
2020-02-12 09:00:00,10,4,0.0,10.2,3,3,68,10:41 PM,10:24 AM,08:21 AM,06:39 PM,-0,1,6,1,36,31,67,0.0,1015,6,10,275,23
2020-02-12 12:00:00,10,4,0.0,10.2,3,3,68,10:41 PM,10:24 AM,08:21 AM,06:39 PM,-1,5,9,5,34,2,50,0.0,1015,9,10,277,27
2020-02-12 15:00:00,10,4,0.0,10.2,3,3,68,10:41 PM,10:24 AM,08:21 AM,06:39 PM,-3,6,10,6,37,7,39,0.0,1015,10,10,272,27
2020-02-12 18:00:00,10,4,0.0,10.2,3,3,68,10:41 PM,10:24 AM,08:21 AM,06:39 PM,-4,5,8,5,35,17,42,0.0,1016,8,10,263,22
2020-02-12 21:00:00,10,4,0.0,10.2,3,1,68,10:41 PM,10:24 AM,08:21 AM,06:39 PM,-6,3,6,3,27,58,43,0.0,1019,6,10,281,14
2020-02-13 00:00:00,10,2,0.0,10.2,3,1,60,11:57 PM,10:52 AM,08:19 AM,06:41 PM,-4,2,4,2,21,68,55,0.0,1020,4,10,294,12
2020-02-13 03:00:00,10,2,0.0,10.2,3,1,60,11:57 PM,10:52 AM,08:19 AM,06:41 PM,-5,0,3,0,20,4,56,0.0,1021,3,10,302,10
2020-02-13 06:00:00,10,2,0.0,10.2,3,1,60,11:57 PM,10:52 AM,08:19 AM,06:41 PM,-5,-1,2,-1,24,6,61,0.0,1022,2,10,275,13
2020-02-13 09:00:00,10,2,0.0,10.2,3,2,60,11:57 PM,10:52 AM,08:19 AM,06:41 PM,-4,0,4,0,22,10,57,0.0,1024,4,10,261,14
2020-02-13 12:00:00,10,2,0.0,10.2,3,3,60,11:57 PM,10:52 AM,08:19 AM,06:41 PM,-4,5,8,5,22,7,43,0.0,1023,8,10,269,18
2020-02-13 15:00:00,10,2,0.0,10.2,3,3,60,11:57 PM,10:52 AM,08:19 AM,06:41 PM,-4,8,10,8,22,10,38,0.0,1023,10,10,260,16
2020-02-13 18:00:00,10,2,0.0,10.2,3,3,60,11:57 PM,10:52 AM,08:19 AM,06:41 PM,-3,7,9,7,20,4,46,0.0,1023,9,10,237,12
2020-02-13 21:00:00,10,2,0.0,10.2,3,1,60,11:57 PM,10:52 AM,08:19 AM,06:41 PM,-2,4,6,4,17,5,56,0.0,1024,6,10,227,9
2020-02-14 00:00:00,9,3,0.0,8.4,2,1,53,No moonrise,11:20 AM,08:18 AM,06:42 PM,-2,4,5,4,10,44,61,0.0,1024,5,10,209,5
2020-02-14 03:00:00,9,3,0.0,8.4,2,1,53,No moonrise,11:20 AM,08:18 AM,06:42 PM,-3,3,4,3,8,100,61,0.0,1022,4,10,156,4
2020-02-14 06:00:00,9,3,0.0,8.4,2,1,53,No moonrise,11:20 AM,08:18 AM,06:42 PM,-4,2,4,2,13,69,60,0.0,1021,4,10,109,6
2020-02-14 09:00:00,9,3,0.0,8.4,2,1,53,No moonrise,11:20 AM,08:18 AM,06:42 PM,-3,2,4,2,12,38,60,0.0,1019,4,10,87,8
2020-02-14 12:00:00,9,3,0.0,8.4,2,2,53,No moonrise,11:20 AM,08:18 AM,06:42 PM,-1,7,7,7,7,95,54,0.0,1018,7,10,110,6
2020-02-14 15:00:00,9,3,0.0,8.4,2,3,53,No moonrise,11:20 AM,08:18 AM,06:42 PM,-0,9,9,9,6,73,53,0.0,1017,9,10,161,5
2020-02-14 18:00:00,9,3,0.0,8.4,2,3,53,No moonrise,11:20 AM,08:18 AM,06:42 PM,1,8,8,8,8,48,59,0.0,1017,8,10,274,5
2020-02-14 21:00:00,9,3,0.0,8.4,2,1,53,No moonrise,11:20 AM,08:18 AM,06:42 PM,-0,6,7,6,10,55,62,0.0,1018,7,10,311,6
2020-02-15 00:00:00,11,5,0.0,5.1,2,1,45,01:12 AM,11:50 AM,08:16 AM,06:43 PM,-1,5,6,5,13,82,61,0.0,1019,6,10,296,8
2020-02-15 03:00:00,11,5,0.0,5.1,2,1,45,01:12 AM,11:50 AM,08:16 AM,06:43 PM,-1,4,6,4,12,81,62,0.0,1020,6,10,219,7
2020-02-15 06:00:00,11,5,0.0,5.1,2,1,45,01:12 AM,11:50 AM,08:16 AM,06:43 PM,-1,3,5,3,15,61,65,0.0,1022,5,10,44,9
2020-02-15 09:00:00,11,5,0.0,5.1,2,3,45,01:12 AM,11:50 AM,08:16 AM,06:43 PM,0,3,6,3,22,82,67,0.0,1024,6,10,41,15
2020-02-15 12:00:00,11,5,0.0,5.1,2,2,45,01:12 AM,11:50 AM,08:16 AM,06:43 PM,1,7,10,7,21,61,53,0.0,1026,10,10,36,17
2020-02-15 15:00:00,11,5,0.0,5.1,2,3,45,01:12 AM,11:50 AM,08:16 AM,06:43 PM,0,9,11,9,15,82,47,0.0,1027,11,10,42,13
2020-02-15 18:00:00,11,5,0.0,5.1,2,2,45,01:12 AM,11:50 AM,08:16 AM,06:43 PM,0,7,9,7,14,94,55,0.0,1029,9,10,61,10
2020-02-15 21:00:00,11,5,0.0,5.1,2,1,45,01:12 AM,11:50 AM,08:16 AM,06:43 PM,0,5,7,5,14,81,63,0.0,1031,7,10,78,9
2020-02-16 00:00:00,10,4,0.0,10.3,2,1,38,02:25 AM,12:23 PM,08:15 AM,06:45 PM,0,5,6,5,8,83,66,0.0,1032,6,10,77,6
2020-02-16 03:00:00,10,4,0.0,10.3,2,1,38,02:25 AM,12:23 PM,08:15 AM,06:45 PM,1,4,5,4,7,87,72,0.0,1033,5,10,78,5
2020-02-16 06:00:00,10,4,0.0,10.3,2,1,38,02:25 AM,12:23 PM,08:15 AM,06:45 PM,1,4,5,4,7,78,76,0.0,1033,5,10,102,4
2020-02-16 09:00:00,10,4,0.0,10.3,2,3,38,02:25 AM,12:23 PM,08:15 AM,06:45 PM,1,5,5,5,4,53,73,0.0,1033,5,10,148,3
2020-02-16 12:00:00,10,4,0.0,10.3,2,3,38,02:25 AM,12:23 PM,08:15 AM,06:45 PM,1,8,8,8,4,32,60,0.0,1033,8,10,201,4
2020-02-16 15:00:00,10,4,0.0,10.3,2,3,38,02:25 AM,12:23 PM,08:15 AM,06:45 PM,1,9,10,9,6,42,55,0.0,1032,10,10,242,5
2020-02-16 18:00:00,10,4,0.0,10.3,2,3,38,02:25 AM,12:23 PM,08:15 AM,06:45 PM,2,9,9,9,9,37,59,0.0,1032,9,10,258,6
2020-02-16 21:00:00,10,4,0.0,10.3,2,1,38,02:25 AM,12:23 PM,08:15 AM,06:45 PM,3,7,8,7,10,0,67,0.0,1033,8,10,187,7
2020-02-17 00:00:00,12,5,0.0,10.3,3,1,30,03:35 AM,01:02 PM,08:13 AM,06:46 PM,2,5,7,5,10,0,72,0.0,1032,7,10,190,7
2020-02-17 03:00:00,12,5,0.0,10.3,3,1,30,03:35 AM,01:02 PM,08:13 AM,06:46 PM,1,4,5,4,13,0,75,0.0,1031,5,10,211,8
2020-02-17 06:00:00,12,5,0.0,10.3,3,1,30,03:35 AM,01:02 PM,08:13 AM,06:46 PM,1,3,5,3,12,1,76,0.0,1029,5,10,225,7
2020-02-17 09:00:00,12,5,0.0,10.3,3,3,30,03:35 AM,01:02 PM,08:13 AM,06:46 PM,1,4,6,4,10,11,70,0.0,1028,6,10,229,7
2020-02-17 12:00:00,12,5,0.0,10.3,3,3,30,03:35 AM,01:02 PM,08:13 AM,06:46 PM,0,8,10,8,11,23,53,0.0,1026,10,10,230,9
2020-02-17 15:00:00,12,5,0.0,10.3,3,4,30,03:35 AM,01:02 PM,08:13 AM,06:46 PM,1,11,12,11,11,3,46,0.0,1024,12,10,227,9
2020-02-17 18:00:00,12,5,0.0,10.3,3,4,30,03:35 AM,01:02 PM,08:13 AM,06:46 PM,1,11,11,11,10,11,50,0.0,1024,11,10,224,7
2020-02-17 21:00:00,12,5,0.0,10.3,3,1,30,03:35 AM,01:02 PM,08:13 AM,06:46 PM,0,8,9,8,11,30,57,0.0,1024,9,10,229,6
2020-02-18 00:00:00,14,6,0.0,10.4,4,1,22,04:40 AM,01:46 PM,08:12 AM,06:48 PM,0,7,7,7,10,30,60,0.0,1023,7,10,226,5
2020-02-18 03:00:00,14,6,0.0,10.4,4,1,22,04:40 AM,01:46 PM,08:12 AM,06:48 PM,0,5,6,5,12,31,65,0.0,1021,6,10,227,6
2020-02-18 06:00:00,14,6,0.0,10.4,4,1,22,04:40 AM,01:46 PM,08:12 AM,06:48 PM,1,4,6,4,15,36,69,0.0,1020,6,10,232,7
2020-02-18 09:00:00,14,6,0.0,10.4,4,3,22,04:40 AM,01:46 PM,08:12 AM,06:48 PM,1,6,7,6,17,21,66,0.0,1020,7,10,244,10
2020-02-18 12:00:00,14,6,0.0,10.4,4,4,22,04:40 AM,01:46 PM,08:12 AM,06:48 PM,3,10,12,10,16,11,55,0.0,1019,12,10,246,13
2020-02-18 15:00:00,14,6,0.0,10.4,4,4,22,04:40 AM,01:46 PM,08:12 AM,06:48 PM,4,13,14,13,13,8,52,0.0,1018,14,10,263,11
2020-02-18 18:00:00,14,6,0.0,10.4,4,4,22,04:40 AM,01:46 PM,08:12 AM,06:48 PM,5,14,13,14,6,12,58,0.0,1019,13,10,198,4
2020-02-18 21:00:00,14,6,0.0,10.4,4,1,22,04:40 AM,01:46 PM,08:12 AM,06:48 PM,3,10,11,10,14,26,61,0.0,1021,11,10,43,7
2020-02-19 00:00:00,12,8,0.0,8.4,3,1,15,05:40 AM,02:37 PM,08:10 AM,06:49 PM,2,7,9,7,24,51,64,0.0,1022,9,10,63,13
2020-02-19 03:00:00,12,8,0.0,8.4,3,1,15,05:40 AM,02:37 PM,08:10 AM,06:49 PM,4,6,8,6,25,100,72,0.0,1022,8,10,55,14
2020-02-19 06:00:00,12,8,0.0,8.4,3,1,15,05:40 AM,02:37 PM,08:10 AM,06:49 PM,3,6,8,6,22,86,71,0.0,1022,8,10,53,13
2020-02-19 09:00:00,12,8,0.0,8.4,3,3,15,05:40 AM,02:37 PM,08:10 AM,06:49 PM,3,7,9,7,17,56,68,0.0,1022,9,10,55,12
2020-02-19 12:00:00,12,8,0.0,8.4,3,3,15,05:40 AM,02:37 PM,08:10 AM,06:49 PM,3,9,11,9,18,58,55,0.0,1021,11,10,80,15
2020-02-19 15:00:00,12,8,0.0,8.4,3,3,15,05:40 AM,02:37 PM,08:10 AM,06:49 PM,3,11,12,11,11,83,54,0.0,1019,12,10,103,9
2020-02-19 18:00:00,12,8,0.0,8.4,3,3,15,05:40 AM,02:37 PM,08:10 AM,06:49 PM,4,11,11,11,6,100,65,0.1,1018,11,10,140,4
2020-02-19 21:00:00,12,8,0.0,8.4,3,1,15,05:40 AM,02:37 PM,08:10 AM,06:49 PM,6,9,9,9,6,100,80,0.4,1018,9,10,158,5
2020-02-20 00:00:00,8,7,0.0,5.2,2,1,7,06:30 AM,03:34 PM,08:09 AM,06:50 PM,6,8,9,8,8,100,84,1.2,1017,9,9,98,6
2020-02-20 03:00:00,8,7,0.0,5.2,2,1,7,06:30 AM,03:34 PM,08:09 AM,06:50 PM,6,6,8,6,11,100,88,1.4,1017,8,9,87,8
2020-02-20 06:00:00,8,7,0.0,5.2,2,1,7,06:30 AM,03:34 PM,08:09 AM,06:50 PM,5,5,7,5,17,100,84,2.2,1017,7,8,63,12
2020-02-20 09:00:00,8,7,0.0,5.2,2,2,7,06:30 AM,03:34 PM,08:09 AM,06:50 PM,3,5,7,5,16,99,78,1.9,1018,7,5,62,12
2020-02-20 12:00:00,8,7,0.0,5.2,2,2,7,06:30 AM,03:34 PM,08:09 AM,06:50 PM,3,5,8,5,16,99,72,0.5,1018,8,2,66,13
2020-02-20 15:00:00,8,7,0.0,5.2,2,2,7,06:30 AM,03:34 PM,08:09 AM,06:50 PM,3,6,8,6,14,100,69,0.4,1018,8,5,86,12
2020-02-20 18:00:00,8,7,0.0,5.2,2,2,7,06:30 AM,03:34 PM,08:09 AM,06:50 PM,3,6,8,6,10,91,73,0.2,1019,8,10,93,8
2020-02-20 21:00:00,8,7,0.0,5.2,2,1,7,06:30 AM,03:34 PM,08:09 AM,06:50 PM,4,7,7,7,6,82,78,0.2,1020,7,10,52,5
2020-02-21 00:00:00,10,4,0.0,6.8,2,1,0,07:14 AM,04:34 PM,08:07 AM,06:52 PM,3,5,7,5,12,97,77,0.1,1021,7,10,29,8
2020-02-21 03:00:00,10,4,0.0,6.8,2,1,0,07:14 AM,04:34 PM,08:07 AM,06:52 PM,2,4,6,4,15,89,77,0.1,1022,6,10,38,10
2020-02-21 06:00:00,10,4,0.0,6.8,2,1,0,07:14 AM,04:34 PM,08:07 AM,06:52 PM,1,3,4,3,8,89,81,0.0,1022,4,10,118,5
2020-02-21 09:00:00,10,4,0.0,6.8,2,2,0,07:14 AM,04:34 PM,08:07 AM,06:52 PM,1,5,5,5,5,96,74,0.0,1023,5,10,302,3
2020-02-21 12:00:00,10,4,0.0,6.8,2,2,0,07:14 AM,04:34 PM,08:07 AM,06:52 PM,1,8,9,8,8,83,59,0.0,1022,9,10,267,6
2020-02-21 15:00:00,10,4,0.0,6.8,2,2,0,07:14 AM,04:34 PM,08:07 AM,06:52 PM,1,7,10,7,21,54,55,0.1,1021,10,10,267,17
2020-02-21 18:00:00,10,4,0.0,6.8,2,2,0,07:14 AM,04:34 PM,08:07 AM,06:52 PM,1,6,9,6,24,64,60,0.1,1021,9,10,259,17
2020-02-21 21:00:00,10,4,0.0,6.8,2,1,0,07:14 AM,04:34 PM,08:07 AM,06:52 PM,2,5,7,5,18,89,69,0.1,1021,7,10,250,12
2020-02-22 00:00:00,9,4,0.0,8.4,3,1,0,07:50 AM,05:36 PM,08:06 AM,06:53 PM,2,5,6,5,10,82,72,0.0,1021,6,10,224,6
2020-02-22 03:00:00,9,4,0.0,8.4,3,1,0,07:50 AM,05:36 PM,08:06 AM,06:53 PM,1,4,5,4,9,53,72,0.0,1023,5,10,123,5
2020-02-22 06:00:00,9,4,0.0,8.4,3,1,0,07:50 AM,05:36 PM,08:06 AM,06:53 PM,-2,3,5,3,11,40,64,0.0,1025,5,10,34,6
2020-02-22 09:00:00,9,4,0.0,8.4,3,3,0,07:50 AM,05:36 PM,08:06 AM,06:53 PM,-2,4,6,4,11,30,60,0.0,1027,6,10,39,8
2020-02-22 12:00:00,9,4,0.0,8.4,3,2,0,07:50 AM,05:36 PM,08:06 AM,06:53 PM,-1,6,8,6,13,57,50,0.0,1028,8,10,49,11
2020-02-22 15:00:00,9,4,0.0,8.4,3,2,0,07:50 AM,05:36 PM,08:06 AM,06:53 PM,-1,8,9,8,9,92,48,0.1,1029,9,10,138,8
2020-02-22 18:00:00,9,4,0.0,8.4,3,3,0,07:50 AM,05:36 PM,08:06 AM,06:53 PM,-1,8,9,8,8,66,52,0.0,1029,9,10,285,5
2020-02-22 21:00:00,9,4,0.0,8.4,3,1,0,07:50 AM,05:36 PM,08:06 AM,06:53 PM,-1,5,7,5,15,26,60,0.0,1029,7,10,216,9
2020-02-23 00:00:00,11,4,0.0,10.5,3,1,0,08:20 AM,06:38 PM,08:04 AM,06:55 PM,-0,3,5,3,22,10,67,0.0,1029,5,10,243,12
2020-02-23 03:00:00,11,4,0.0,10.5,3,1,0,08:20 AM,06:38 PM,08:04 AM,06:55 PM,0,1,5,1,24,10,74,0.0,1027,5,10,253,14
2020-02-23 06:00:00,11,4,0.0,10.5,3,1,0,08:20 AM,06:38 PM,08:04 AM,06:55 PM,0,0,4,0,28,21,78,0.0,1025,4,10,245,17
2020-02-23 09:00:00,11,4,0.0,10.5,3,3,0,08:20 AM,06:38 PM,08:04 AM,06:55 PM,-0,1,5,1,28,27,70,0.0,1023,5,10,252,19
2020-02-23 12:00:00,11,4,0.0,10.5,3,3,0,08:20 AM,06:38 PM,08:04 AM,06:55 PM,-0,5,8,5,24,39,55,0.0,1022,8,10,253,19
2020-02-23 15:00:00,11,4,0.0,10.5,3,4,0,08:20 AM,06:38 PM,08:04 AM,06:55 PM,-0,8,10,8,22,29,47,0.0,1019,10,10,248,18
2020-02-23 18:00:00,11,4,0.0,10.5,3,3,0,08:20 AM,06:38 PM,08:04 AM,06:55 PM,0,8,10,8,23,34,51,0.0,1018,10,10,235,14
2020-02-23 21:00:00,11,4,0.0,10.5,3,1,0,08:20 AM,06:38 PM,08:04 AM,06:55 PM,1,6,8,6,26,38,61,0.0,1017,8,10,216,13
2020-02-24 00:00:00,17,8,0.0,10.5,4,1,0,08:47 AM,07:41 PM,08:03 AM,06:56 PM,2,6,8,6,30,48,66,0.0,1014,8,10,230,15
2020-02-24 03:00:00,17,8,0.0,10.5,4,1,0,08:47 AM,07:41 PM,08:03 AM,06:56 PM,2,5,8,5,38,39,66,0.0,1011,8,10,261,21
2020-02-24 06:00:00,17,8,0.0,10.5,4,1,0,08:47 AM,07:41 PM,08:03 AM,06:56 PM,2,6,9,6,44,22,62,0.0,1009,9,10,251,25
2020-02-24 09:00:00,17,8,0.0,10.5,4,4,0,08:47 AM,07:41 PM,08:03 AM,06:56 PM,2,9,12,9,48,16,51,0.0,1010,12,10,268,30
2020-02-24 12:00:00,17,8,0.0,10.5,4,4,0,08:47 AM,07:41 PM,08:03 AM,06:56 PM,0,13,15,13,37,8,38,0.0,1011,15,10,305,30
2020-02-24 15:00:00,17,8,0.0,10.5,4,4,0,08:47 AM,07:41 PM,08:03 AM,06:56 PM,-5,12,14,12,30,5,27,0.0,1014,14,10,346,24
2020-02-24 18:00:00,17,8,0.0,10.5,4,4,0,08:47 AM,07:41 PM,08:03 AM,06:56 PM,-5,10,11,10,24,2,32,0.0,1017,11,10,321,17
2020-02-24 21:00:00,17,8,0.0,10.5,4,1,0,08:47 AM,07:41 PM,08:03 AM,06:56 PM,-3,8,9,8,10,1,43,0.0,1021,9,10,277,7
2020-02-25 00:00:00,14,4,0.0,10.6,3,1,8,09:11 AM,08:41 PM,08:01 AM,06:57 PM,-3,7,8,7,10,4,49,0.0,1021,8,10,229,6
2020-02-25 03:00:00,14,4,0.0,10.6,3,1,8,09:11 AM,08:41 PM,08:01 AM,06:57 PM,-3,2,5,2,20,8,57,0.0,1020,5,10,194,10
2020-02-25 06:00:00,14,4,0.0,10.6,3,1,8,09:11 AM,08:41 PM,08:01 AM,06:57 PM,-2,1,4,1,20,8,65,0.0,1019,4,10,225,11
2020-02-25 09:00:00,14,4,0.0,10.6,3,3,8,09:11 AM,08:41 PM,08:01 AM,06:57 PM,-2,3,6,3,19,7,60,0.0,1017,6,10,226,13
2020-02-25 12:00:00,14,4,0.0,10.6,3,4,8,09:11 AM,08:41 PM,08:01 AM,06:57 PM,-3,8,10,8,19,4,41,0.0,1014,10,10,226,16
2020-02-25 15:00:00,14,4,0.0,10.6,3,4,8,09:11 AM,08:41 PM,08:01 AM,06:57 PM,-4,12,13,12,14,5,29,0.0,1011,13,10,234,12
2020-02-25 18:00:00,14,4,0.0,10.6,3,4,8,09:11 AM,08:41 PM,08:01 AM,06:57 PM,-3,12,13,12,10,7,34,0.0,1010,13,10,261,7
2020-02-25 21:00:00,14,4,0.0,10.6,3,1,8,09:11 AM,08:41 PM,08:01 AM,06:57 PM,-2,10,11,10,10,6,41,0.0,1009,11,10,284,6
2020-02-26 00:00:00,16,7,0.0,11.0,4,1,15,09:33 AM,09:42 PM,07:59 AM,06:59 PM,-2,8,9,8,15,6,44,0.0,1007,9,10,265,8
2020-02-26 03:00:00,16,7,0.0,11.0,4,1,15,09:33 AM,09:42 PM,07:59 AM,06:59 PM,-2,6,8,6,21,7,48,0.0,1006,8,10,253,10
2020-02-26 06:00:00,16,7,0.0,11.0,4,1,15,09:33 AM,09:42 PM,07:59 AM,06:59 PM,-2,5,7,5,22,7,53,0.0,1004,7,10,243,11
2020-02-26 09:00:00,16,7,0.0,11.0,4,3,15,09:33 AM,09:42 PM,07:59 AM,06:59 PM,0,7,9,7,22,7,54,0.0,1003,9,10,242,14
2020-02-26 12:00:00,16,7,0.0,11.0,4,4,15,09:33 AM,09:42 PM,07:59 AM,06:59 PM,3,12,14,12,22,6,48,0.0,1001,14,10,243,18
2020-02-26 15:00:00,16,7,0.0,11.0,4,5,15,09:33 AM,09:42 PM,07:59 AM,06:59 PM,4,16,16,16,18,9,44,0.0,999,16,10,230,15
2020-02-26 18:00:00,16,7,0.0,11.0,4,5,15,09:33 AM,09:42 PM,07:59 AM,06:59 PM,5,15,15,15,12,12,50,0.0,998,15,10,221,8
2020-02-26 21:00:00,16,7,0.0,11.0,4,1,15,09:33 AM,09:42 PM,07:59 AM,06:59 PM,5,13,13,13,13,17,57,0.0,998,13,10,213,7
2020-02-27 00:00:00,14,5,0.0,7.2,4,1,23,09:54 AM,10:42 PM,07:58 AM,07:00 PM,4,10,11,10,20,25,63,0.0,997,11,10,206,10
2020-02-27 03:00:00,14,5,0.0,7.2,4,1,23,09:54 AM,10:42 PM,07:58 AM,07:00 PM,5,8,10,8,22,15,71,0.0,997,10,10,244,10
2020-02-27 06:00:00,14,5,0.0,7.2,4,1,23,09:54 AM,10:42 PM,07:58 AM,07:00 PM,4,8,9,8,23,23,70,0.0,998,9,10,244,12
2020-02-27 09:00:00,14,5,0.0,7.2,4,4,23,09:54 AM,10:42 PM,07:58 AM,07:00 PM,4,9,11,9,26,34,62,0.0,998,11,10,252,17
2020-02-27 12:00:00,14,5,0.0,7.2,4,3,23,09:54 AM,10:42 PM,07:58 AM,07:00 PM,3,11,13,11,27,63,54,0.8,999,13,10,269,23
2020-02-27 15:00:00,14,5,0.0,7.2,4,3,23,09:54 AM,10:42 PM,07:58 AM,07:00 PM,3,7,10,7,31,85,63,1.6,1000,10,9,247,25
2020-02-27 18:00:00,14,5,0.0,7.2,4,2,23,09:54 AM,10:42 PM,07:58 AM,07:00 PM,1,4,8,4,31,67,63,0.2,1002,8,7,171,24
2020-02-27 21:00:00,14,5,0.0,7.2,4,1,23,09:54 AM,10:42 PM,07:58 AM,07:00 PM,3,2,5,2,22,87,82,1.2,1005,5,4,93,17
2020-02-28 00:00:00,11,3,0.0,10.1,2,1,30,10:16 AM,11:43 PM,07:56 AM,07:01 PM,2,2,5,2,14,79,83,2.3,1007,5,9,230,10
2020-02-28 03:00:00,11,3,0.0,10.1,2,1,30,10:16 AM,11:43 PM,07:56 AM,07:01 PM,0,1,4,1,19,65,75,1.6,1009,4,9,220,12
2020-02-28 06:00:00,11,3,0.0,10.1,2,1,30,10:16 AM,11:43 PM,07:56 AM,07:01 PM,-1,0,3,0,21,35,72,0.0,1010,3,10,234,13
2020-02-28 09:00:00,11,3,0.0,10.1,2,2,30,10:16 AM,11:43 PM,07:56 AM,07:01 PM,-2,2,5,2,16,39,64,0.0,1010,5,10,233,12
2020-02-28 12:00:00,11,3,0.0,10.1,2,3,30,10:16 AM,11:43 PM,07:56 AM,07:01 PM,-4,7,9,7,14,21,42,0.0,1009,9,10,219,12
2020-02-28 15:00:00,11,3,0.0,10.1,2,4,30,10:16 AM,11:43 PM,07:56 AM,07:01 PM,-5,9,11,9,14,44,33,0.0,1007,11,10,197,12
2020-02-28 18:00:00,11,3,0.0,10.1,2,2,30,10:16 AM,11:43 PM,07:56 AM,07:01 PM,-2,8,9,8,14,63,50,0.0,1008,9,10,247,11
2020-02-28 21:00:00,11,3,0.0,10.1,2,1,30,10:16 AM,11:43 PM,07:56 AM,07:01 PM,3,3,6,3,18,100,80,0.2,1009,6,7,277,13
2020-02-29 00:00:00,10,4,0.0,10.1,2,1,38,10:39 AM,No moonset,07:54 AM,07:03 PM,2,3,5,3,14,100,81,0.7,1011,5,4,308,10
2020-02-29 03:00:00,10,4,0.0,10.1,2,1,38,10:39 AM,No moonset,07:54 AM,07:03 PM,3,4,5,4,10,88,82,0.8,1013,5,9,356,7
2020-02-29 06:00:00,10,4,0.0,10.1,2,1,38,10:39 AM,No moonset,07:54 AM,07:03 PM,1,3,4,3,12,48,80,0.0,1016,4,10,252,7
2020-02-29 09:00:00,10,4,0.0,10.1,2,3,38,10:39 AM,No moonset,07:54 AM,07:03 PM,1,4,6,4,12,19,71,0.0,1018,6,10,37,9
2020-02-29 12:00:00,10,4,0.0,10.1,2,2,38,10:39 AM,No moonset,07:54 AM,07:03 PM,-1,7,8,7,9,52,53,0.0,1019,8,10,118,8
2020-02-29 15:00:00,10,4,0.0,10.1,2,3,38,10:39 AM,No moonset,07:54 AM,07:03 PM,-1,9,9,9,8,84,47,0.0,1018,9,10,259,6
2020-02-29 18:00:00,10,4,0.0,10.1,2,3,38,10:39 AM,No moonset,07:54 AM,07:03 PM,-1,7,9,7,15,35,51,0.0,1019,9,10,210,10
2020-02-29 21:00:00,10,4,0.0,10.1,2,1,38,10:39 AM,No moonset,07:54 AM,07:03 PM,-1,4,6,4,22,4,60,0.0,1020,6,10,192,13
2020-03-01 00:00:00,12,4,0.0,11.5,3,1,44,11:06 AM,12:45 AM,07:53 AM,07:04 PM,-1,3,5,3,20,9,63,0.0,1020,5,10,189,12
2020-03-01 03:00:00,12,4,0.0,11.5,3,1,44,11:06 AM,12:45 AM,07:53 AM,07:04 PM,-1,2,4,2,15,27,67,0.0,1019,4,10,192,8
2020-03-01 06:00:00,12,4,0.0,11.5,3,1,44,11:06 AM,12:45 AM,07:53 AM,07:04 PM,-1,3,4,3,10,40,71,0.0,1018,4,10,190,6
2020-03-01 09:00:00,12,4,0.0,11.5,3,3,44,11:06 AM,12:45 AM,07:53 AM,07:04 PM,-1,5,6,5,6,21,62,0.0,1018,6,10,172,5
2020-03-01 12:00:00,12,4,0.0,11.5,3,4,44,11:06 AM,12:45 AM,07:53 AM,07:04 PM,-2,10,10,10,6,19,44,0.0,1016,10,10,191,5
2020-03-01 15:00:00,12,4,0.0,11.5,3,4,44,11:06 AM,12:45 AM,07:53 AM,07:04 PM,-3,12,12,12,9,25,35,0.0,1015,12,10,199,7
2020-03-01 18:00:00,12,4,0.0,11.5,3,4,44,11:06 AM,12:45 AM,07:53 AM,07:04 PM,-2,11,12,11,8,21,39,0.0,1014,12,10,192,6
2020-03-01 21:00:00,12,4,0.0,11.5,3,1,44,11:06 AM,12:45 AM,07:53 AM,07:04 PM,-1,9,9,9,5,29,47,0.0,1015,9,10,161,3
2020-03-02 00:00:00,15,7,0.0,10.1,3,1,51,11:37 AM,01:48 AM,07:51 AM,07:05 PM,-1,8,8,8,8,64,56,0.0,1014,8,10,105,4
2020-03-02 03:00:00,15,7,0.0,10.1,3,1,51,11:37 AM,01:48 AM,07:51 AM,07:05 PM,2,7,7,7,7,75,68,0.0,1012,7,10,119,4
2020-03-02 06:00:00,15,7,0.0,10.1,3,1,51,11:37 AM,01:48 AM,07:51 AM,07:05 PM,2,7,7,7,6,50,72,0.0,1010,7,10,134,4
2020-03-02 09:00:00,15,7,0.0,10.1,3,3,51,11:37 AM,01:48 AM,07:51 AM,07:05 PM,3,8,9,8,6,73,69,0.0,1009,9,10,176,4
2020-03-02 12:00:00,15,7,0.0,10.1,3,4,51,11:37 AM,01:48 AM,07:51 AM,07:05 PM,3,13,13,13,12,24,54,0.0,1008,13,10,270,10
2020-03-02 15:00:00,15,7,0.0,10.1,3,5,51,11:37 AM,01:48 AM,07:51 AM,07:05 PM,4,15,15,15,27,19,47,0.0,1007,15,10,257,22
2020-03-02 18:00:00,15,7,0.0,10.1,3,4,51,11:37 AM,01:48 AM,07:51 AM,07:05 PM,5,14,14,14,26,18,53,0.0,1008,14,10,269,18
2020-03-02 21:00:00,15,7,0.0,10.1,3,1,51,11:37 AM,01:48 AM,07:51 AM,07:05 PM,6,11,12,11,14,21,66,0.0,1009,12,10,226,7
2020-03-03 00:00:00,23,10,0.0,11.6,5,1,58,12:14 PM,02:51 AM,07:49 AM,07:07 PM,6,11,11,11,11,17,72,0.0,1009,11,10,125,6
2020-03-03 03:00:00,23,10,0.0,11.6,5,1,58,12:14 PM,02:51 AM,07:49 AM,07:07 PM,6,10,10,10,14,11,74,0.0,1009,10,10,86,7
2020-03-03 06:00:00,23,10,0.0,11.6,5,1,58,12:14 PM,02:51 AM,07:49 AM,07:07 PM,6,10,10,10,12,4,74,0.0,1008,10,10,62,6
2020-03-03 09:00:00,23,10,0.0,11.6,5,4,58,12:14 PM,02:51 AM,07:49 AM,07:07 PM,6,12,12,12,8,8,67,0.0,1008,12,10,86,5
2020-03-03 12:00:00,23,10,0.0,11.6,5,5,58,12:14 PM,02:51 AM,07:49 AM,07:07 PM,6,17,17,17,9,9,47,0.0,1007,17,10,188,8
2020-03-03 15:00:00,23,10,0.0,11.6,5,6,58,12:14 PM,02:51 AM,07:49 AM,07:07 PM,6,21,22,21,12,4,38,0.0,1006,21,10,221,10
2020-03-03 18:00:00,23,10,0.0,11.6,5,6,58,12:14 PM,02:51 AM,07:49 AM,07:07 PM,8,24,24,23,11,1,46,0.0,1006,23,10,222,7
2020-03-03 21:00:00,23,10,0.0,11.6,5,1,58,12:14 PM,02:51 AM,07:49 AM,07:07 PM,8,20,23,20,23,3,63,0.0,1007,20,10,175,12
2020-03-04 00:00:00,19,11,0.0,10.2,5,1,65,01:00 PM,03:54 AM,07:47 AM,07:08 PM,8,16,19,16,18,3,71,0.0,1007,16,10,152,9
2020-03-04 03:00:00,19,11,0.0,10.2,5,1,65,01:00 PM,03:54 AM,07:47 AM,07:08 PM,8,13,13,13,10,3,71,0.0,1006,13,10,125,6
2020-03-04 06:00:00,19,11,0.0,10.2,5,1,65,01:00 PM,03:54 AM,07:47 AM,07:08 PM,6,11,12,11,16,3,71,0.0,1006,12,10,125,9
2020-03-04 09:00:00,19,11,0.0,10.2,5,4,65,01:00 PM,03:54 AM,07:47 AM,07:08 PM,7,13,13,13,22,5,66,0.0,1006,13,10,153,15
2020-03-04 12:00:00,19,11,0.0,10.2,5,5,65,01:00 PM,03:54 AM,07:47 AM,07:08 PM,7,18,18,18,30,13,49,0.0,1006,18,10,191,26
2020-03-04 15:00:00,19,11,0.0,10.2,5,4,65,01:00 PM,03:54 AM,07:47 AM,07:08 PM,7,19,19,19,31,48,47,0.0,1005,19,10,180,25
2020-03-04 18:00:00,19,11,0.0,10.2,5,5,65,01:00 PM,03:54 AM,07:47 AM,07:08 PM,7,17,17,17,35,79,54,0.0,1005,17,10,163,23
2020-03-04 21:00:00,19,11,0.0,10.2,5,1,65,01:00 PM,03:54 AM,07:47 AM,07:08 PM,8,14,15,14,36,39,64,0.0,1006,15,10,163,22
2020-03-05 00:00:00,12,8,0.0,5.8,3,1,73,01:56 PM,04:54 AM,07:46 AM,07:09 PM,8,11,12,11,25,56,74,0.0,1006,12,10,182,15
2020-03-05 03:00:00,12,8,0.0,5.8,3,1,73,01:56 PM,04:54 AM,07:46 AM,07:09 PM,7,8,10,8,15,86,86,0.0,1007,10,10,206,10
2020-03-05 06:00:00,12,8,0.0,5.8,3,1,73,01:56 PM,04:54 AM,07:46 AM,07:09 PM,5,7,9,7,13,95,80,0.1,1007,9,7,223,9
2020-03-05 09:00:00,12,8,0.0,5.8,3,2,73,01:56 PM,04:54 AM,07:46 AM,07:09 PM,5,7,9,7,13,100,75,0.3,1008,9,2,229,10
2020-03-05 12:00:00,12,8,0.0,5.8,3,2,73,01:56 PM,04:54 AM,07:46 AM,07:09 PM,4,8,10,8,14,100,69,0.4,1008,10,2,234,11
2020-03-05 15:00:00,12,8,0.0,5.8,3,3,73,01:56 PM,04:54 AM,07:46 AM,07:09 PM,4,10,12,10,13,90,61,0.3,1007,12,5,239,12
2020-03-05 18:00:00,12,8,0.0,5.8,3,4,73,01:56 PM,04:54 AM,07:46 AM,07:09 PM,4,10,11,10,13,66,64,0.0,1007,11,10,241,10
2020-03-05 21:00:00,12,8,0.0,5.8,3,1,73,01:56 PM,04:54 AM,07:46 AM,07:09 PM,4,7,9,7,15,41,73,0.0,1008,9,10,243,10
2020-03-06 00:00:00,14,7,0.0,7.3,4,1,80,03:02 PM,05:48 AM,07:44 AM,07:11 PM,5,6,8,6,13,18,81,0.0,1008,8,10,241,8
2020-03-06 03:00:00,14,7,0.0,7.3,4,1,80,03:02 PM,05:48 AM,07:44 AM,07:11 PM,5,6,7,6,12,29,86,0.0,1008,7,10,232,7
2020-03-06 06:00:00,14,7,0.0,7.3,4,1,80,03:02 PM,05:48 AM,07:44 AM,07:11 PM,5,6,7,6,10,31,86,0.0,1009,7,10,220,6
2020-03-06 09:00:00,14,7,0.0,7.3,4,3,80,03:02 PM,05:48 AM,07:44 AM,07:11 PM,4,7,8,7,10,44,78,0.0,1009,8,10,225,7
2020-03-06 12:00:00,14,7,0.0,7.3,4,3,80,03:02 PM,05:48 AM,07:44 AM,07:11 PM,4,11,12,11,10,66,59,0.0,1007,12,10,225,9
2020-03-06 15:00:00,14,7,0.0,7.3,4,3,80,03:02 PM,05:48 AM,07:44 AM,07:11 PM,2,13,14,13,13,100,45,0.0,1006,14,10,216,10
2020-03-06 18:00:00,14,7,0.0,7.3,4,3,80,03:02 PM,05:48 AM,07:44 AM,07:11 PM,0,13,13,13,10,94,40,0.0,1006,13,10,235,8
2020-03-06 21:00:00,14,7,0.0,7.3,4,1,80,03:02 PM,05:48 AM,07:44 AM,07:11 PM,-0,12,12,12,6,69,43,0.0,1007,12,10,294,4
2020-03-07 00:00:00,18,9,0.0,11.6,5,1,87,04:15 PM,06:35 AM,07:42 AM,07:12 PM,0,11,11,11,8,38,46,0.0,1007,11,10,314,4
2020-03-07 03:00:00,18,9,0.0,11.6,5,1,87,04:15 PM,06:35 AM,07:42 AM,07:12 PM,0,10,10,10,7,24,50,0.0,1007,10,10,300,4
2020-03-07 06:00:00,18,9,0.0,11.6,5,1,87,04:15 PM,06:35 AM,07:42 AM,07:12 PM,0,9,9,9,8,31,53,0.0,1008,9,10,199,5
2020-03-07 09:00:00,18,9,0.0,11.6,5,4,87,04:15 PM,06:35 AM,07:42 AM,07:12 PM,1,11,11,11,9,40,50,0.0,1009,11,10,218,6
2020-03-07 12:00:00,18,9,0.0,11.6,5,5,87,04:15 PM,06:35 AM,07:42 AM,07:12 PM,3,15,15,15,13,30,44,0.0,1009,15,10,248,11
2020-03-07 15:00:00,18,9,0.0,11.6,5,5,87,04:15 PM,06:35 AM,07:42 AM,07:12 PM,4,18,18,18,13,24,39,0.0,1008,18,10,246,11
2020-03-07 18:00:00,18,9,0.0,11.6,5,5,87,04:15 PM,06:35 AM,07:42 AM,07:12 PM,5,17,17,17,9,30,44,0.0,1009,17,10,273,6
2020-03-07 21:00:00,18,9,0.0,11.6,5,1,87,04:15 PM,06:35 AM,07:42 AM,07:12 PM,5,14,15,14,14,47,52,0.0,1011,15,10,217,8
2020-03-08 00:00:00,15,7,0.0,7.3,4,1,95,05:35 PM,07:16 AM,07:40 AM,07:13 PM,5,12,13,12,16,35,57,0.0,1012,13,10,33,9
2020-03-08 03:00:00,15,7,0.0,7.3,4,1,95,05:35 PM,07:16 AM,07:40 AM,07:13 PM,6,11,12,11,12,44,70,0.0,1012,12,10,103,6
2020-03-08 06:00:00,15,7,0.0,7.3,4,1,95,05:35 PM,07:16 AM,07:40 AM,07:13 PM,7,11,11,11,9,44,79,0.0,1013,11,10,146,5
2020-03-08 09:00:00,15,7,0.0,7.3,4,4,95,05:35 PM,07:16 AM,07:40 AM,07:13 PM,8,12,12,12,9,40,75,0.0,1014,12,10,124,6
2020-03-08 12:00:00,15,7,0.0,7.3,4,3,95,05:35 PM,07:16 AM,07:40 AM,07:13 PM,8,14,14,14,8,61,65,0.0,1015,14,10,131,7
2020-03-08 15:00:00,15,7,0.0,7.3,4,3,95,05:35 PM,07:16 AM,07:40 AM,07:13 PM,8,15,15,15,9,100,64,0.2,1015,15,10,119,6
2020-03-08 18:00:00,15,7,0.0,7.3,4,3,95,05:35 PM,07:16 AM,07:40 AM,07:13 PM,9,12,13,12,15,98,77,5.7,1015,13,8,46,12
2020-03-08 21:00:00,15,7,0.0,7.3,4,1,95,05:35 PM,07:16 AM,07:40 AM,07:13 PM,9,8,10,8,18,97,90,11.0,1016,9,6,53,13
2020-03-09 00:00:00,15,9,0.0,5.9,3,1,100,06:55 PM,07:50 AM,07:39 AM,07:15 PM,9,8,10,8,12,97,88,1.8,1016,8,8,61,9
2020-03-09 03:00:00,15,9,0.0,5.9,3,1,100,06:55 PM,07:50 AM,07:39 AM,07:15 PM,8,10,10,10,5,95,90,1.8,1015,10,5,52,4
2020-03-09 06:00:00,15,9,0.0,5.9,3,1,100,06:55 PM,07:50 AM,07:39 AM,07:15 PM,8,9,10,9,7,93,91,0.5,1015,10,4,51,5
2020-03-09 09:00:00,15,9,0.0,5.9,3,3,100,06:55 PM,07:50 AM,07:39 AM,07:15 PM,8,10,10,10,7,86,86,0.5,1014,10,9,22,5
2020-03-09 12:00:00,15,9,0.0,5.9,3,3,100,06:55 PM,07:50 AM,07:39 AM,07:15 PM,8,13,13,13,8,100,74,0.0,1013,13,10,63,7
2020-03-09 15:00:00,15,9,0.0,5.9,3,3,100,06:55 PM,07:50 AM,07:39 AM,07:15 PM,8,15,15,15,7,100,65,0.0,1011,15,10,71,6
2020-03-09 18:00:00,15,9,0.0,5.9,3,3,100,06:55 PM,07:50 AM,07:39 AM,07:15 PM,9,14,14,14,8,100,69,0.0,1010,14,10,56,6
2020-03-09 21:00:00,15,9,0.0,5.9,3,1,100,06:55 PM,07:50 AM,07:39 AM,07:15 PM,9,12,13,12,13,100,78,0.0,1010,13,10,16,8
2020-03-10 00:00:00,16,9,0.0,5.9,4,1,100,08:15 PM,08:21 AM,07:37 AM,07:16 PM,9,11,12,11,15,79,83,0.0,1010,12,10,14,9
2020-03-10 03:00:00,16,9,0.0,5.9,4,1,100,08:15 PM,08:21 AM,07:37 AM,07:16 PM,8,10,11,10,15,40,84,0.0,1009,11,10,100,9
2020-03-10 06:00:00,16,9,0.0,5.9,4,1,100,08:15 PM,08:21 AM,07:37 AM,07:16 PM,6,8,9,8,13,65,82,0.0,1009,9,10,257,8
2020-03-10 09:00:00,16,9,0.0,5.9,4,3,100,08:15 PM,08:21 AM,07:37 AM,07:16 PM,6,10,11,10,13,100,71,0.0,1009,11,10,294,9
2020-03-10 12:00:00,16,9,0.0,5.9,4,3,100,08:15 PM,08:21 AM,07:37 AM,07:16 PM,6,15,15,15,11,92,53,0.0,1009,15,10,314,9
2020-03-10 15:00:00,16,9,0.0,5.9,4,5,100,08:15 PM,08:21 AM,07:37 AM,07:16 PM,6,16,16,16,15,68,53,0.0,1009,16,10,277,12
2020-03-10 18:00:00,16,9,0.0,5.9,4,3,100,08:15 PM,08:21 AM,07:37 AM,07:16 PM,8,14,14,14,21,66,66,0.1,1010,14,7,257,14
2020-03-10 21:00:00,16,9,0.0,5.9,4,1,100,08:15 PM,08:21 AM,07:37 AM,07:16 PM,8,10,11,10,19,100,79,0.2,1013,11,2,242,14
2020-03-11 00:00:00,14,7,0.0,10.2,3,1,84,09:35 PM,08:50 AM,07:35 AM,07:17 PM,7,7,10,7,24,90,83,0.3,1015,10,3,240,18
2020-03-11 03:00:00,14,7,0.0,10.2,3,1,84,09:35 PM,08:50 AM,07:35 AM,07:17 PM,6,6,9,6,24,68,83,0.3,1015,9,5,247,17
2020-03-11 06:00:00,14,7,0.0,10.2,3,1,84,09:35 PM,08:50 AM,07:35 AM,07:17 PM,5,5,8,5,24,61,82,0.3,1015,8,5,238,17
2020-03-11 09:00:00,14,7,0.0,10.2,3,3,84,09:35 PM,08:50 AM,07:35 AM,07:17 PM,4,5,8,5,25,45,76,0.2,1016,8,7,242,19
2020-03-11 12:00:00,14,7,0.0,10.2,3,4,84,09:35 PM,08:50 AM,07:35 AM,07:17 PM,5,10,12,10,24,24,63,0.0,1015,12,10,247,21
2020-03-11 15:00:00,14,7,0.0,10.2,3,3,84,09:35 PM,08:50 AM,07:35 AM,07:17 PM,6,13,14,13,26,52,59,0.0,1014,14,10,248,21
2020-03-11 18:00:00,14,7,0.0,10.2,3,3,84,09:35 PM,08:50 AM,07:35 AM,07:17 PM,6,12,13,12,26,93,61,0.0,1015,13,10,250,18
2020-03-11 21:00:00,14,7,0.0,10.2,3,1,84,09:35 PM,08:50 AM,07:35 AM,07:17 PM,5,10,11,10,22,57,65,0.0,1017,11,10,249,12
2020-03-12 00:00:00,18,10,0.0,11.6,5,1,76,10:53 PM,09:19 AM,07:33 AM,07:18 PM,5,9,10,9,20,14,71,0.0,1018,10,10,250,10
2020-03-12 03:00:00,18,10,0.0,11.6,5,1,76,10:53 PM,09:19 AM,07:33 AM,07:18 PM,6,9,10,9,16,7,76,0.0,1019,10,10,247,8
2020-03-12 06:00:00,18,10,0.0,11.6,5,1,76,10:53 PM,09:19 AM,07:33 AM,07:18 PM,6,10,10,10,10,9,73,0.0,1020,10,10,268,5
2020-03-12 09:00:00,18,10,0.0,11.6,5,4,76,10:53 PM,09:19 AM,07:33 AM,07:18 PM,6,13,13,13,3,10,64,0.0,1021,13,10,228,3
2020-03-12 12:00:00,18,10,0.0,11.6,5,5,76,10:53 PM,09:19 AM,07:33 AM,07:18 PM,6,16,16,16,6,8,49,0.0,1021,16,10,148,5
2020-03-12 15:00:00,18,10,0.0,11.6,5,5,76,10:53 PM,09:19 AM,07:33 AM,07:18 PM,6,18,18,18,10,9,43,0.0,1019,18,10,208,8
2020-03-12 18:00:00,18,10,0.0,11.6,5,5,76,10:53 PM,09:19 AM,07:33 AM,07:18 PM,7,18,18,18,11,6,48,0.0,1018,18,10,224,8
2020-03-12 21:00:00,18,10,0.0,11.6,5,1,76,10:53 PM,09:19 AM,07:33 AM,07:18 PM,7,16,16,16,11,3,58,0.0,1018,16,10,222,6
2020-03-13 00:00:00,21,12,0.0,11.6,5,1,69,No moonrise,09:49 AM,07:31 AM,07:20 PM,7,14,14,14,14,11,65,0.0,1017,14,10,217,8
2020-03-13 03:00:00,21,12,0.0,11.6,5,1,69,No moonrise,09:49 AM,07:31 AM,07:20 PM,8,13,13,13,11,20,72,0.0,1016,13,10,242,6
2020-03-13 06:00:00,21,12,0.0,11.6,5,1,69,No moonrise,09:49 AM,07:31 AM,07:20 PM,8,14,13,14,6,3,72,0.0,1015,13,10,269,4
2020-03-13 09:00:00,21,12,0.0,11.6,5,5,69,No moonrise,09:49 AM,07:31 AM,07:20 PM,8,16,15,16,5,3,64,0.0,1014,15,10,256,4
2020-03-13 12:00:00,21,12,0.0,11.6,5,5,69,No moonrise,09:49 AM,07:31 AM,07:20 PM,7,19,20,19,9,4,47,0.0,1011,19,10,239,8
2020-03-13 15:00:00,21,12,0.0,11.6,5,6,69,No moonrise,09:49 AM,07:31 AM,07:20 PM,6,21,23,21,14,5,39,0.0,1009,21,10,240,11
2020-03-13 18:00:00,21,12,0.0,11.6,5,5,69,No moonrise,09:49 AM,07:31 AM,07:20 PM,7,20,20,20,18,7,45,0.0,1008,20,10,242,12
2020-03-13 21:00:00,21,12,0.0,11.6,5,1,69,No moonrise,09:49 AM,07:31 AM,07:20 PM,8,17,17,17,19,20,58,0.0,1010,17,10,277,10
2020-03-14 00:00:00,14,10,0.0,6.0,3,1,62,12:10 AM,10:21 AM,07:30 AM,07:21 PM,8,15,15,15,16,58,61,0.0,1012,15,10,234,10
2020-03-14 03:00:00,14,10,0.0,6.0,3,1,62,12:10 AM,10:21 AM,07:30 AM,07:21 PM,5,11,13,11,21,78,60,0.0,1015,13,10,49,14
2020-03-14 06:00:00,14,10,0.0,6.0,3,1,62,12:10 AM,10:21 AM,07:30 AM,07:21 PM,5,9,11,9,19,42,70,0.0,1017,11,10,81,14
2020-03-14 09:00:00,14,10,0.0,6.0,3,3,62,12:10 AM,10:21 AM,07:30 AM,07:21 PM,3,10,12,10,16,70,56,0.0,1018,12,10,96,12
2020-03-14 12:00:00,14,10,0.0,6.0,3,3,62,12:10 AM,10:21 AM,07:30 AM,07:21 PM,1,12,13,12,11,100,45,0.0,1018,13,10,125,9
2020-03-14 15:00:00,14,10,0.0,6.0,3,3,62,12:10 AM,10:21 AM,07:30 AM,07:21 PM,2,13,13,13,8,98,45,0.0,1017,13,10,146,6
2020-03-14 18:00:00,14,10,0.0,6.0,3,3,62,12:10 AM,10:21 AM,07:30 AM,07:21 PM,4,12,13,12,9,96,55,0.0,1017,13,10,158,7
2020-03-14 21:00:00,14,10,0.0,6.0,3,1,62,12:10 AM,10:21 AM,07:30 AM,07:21 PM,6,10,11,10,13,100,75,0.5,1018,11,10,219,9
2020-03-15 00:00:00,6,2,0.0,8.8,2,1,55,01:24 AM,10:59 AM,07:28 AM,07:22 PM,5,8,9,8,19,100,74,1.7,1019,9,9,144,14
2020-03-15 03:00:00,6,2,0.0,8.8,2,1,55,01:24 AM,10:59 AM,07:28 AM,07:22 PM,-1,3,7,3,40,96,55,1.7,1020,7,7,63,30
2020-03-15 06:00:00,6,2,0.0,8.8,2,1,55,01:24 AM,10:59 AM,07:28 AM,07:22 PM,-3,1,6,1,42,87,52,0.2,1022,6,4,59,32
2020-03-15 09:00:00,6,2,0.0,8.8,2,2,55,01:24 AM,10:59 AM,07:28 AM,07:22 PM,-5,-1,5,-1,45,91,49,0.1,1024,5,9,58,36
2020-03-15 12:00:00,6,2,0.0,8.8,2,2,55,01:24 AM,10:59 AM,07:28 AM,07:22 PM,-8,-0,5,-0,41,89,40,0.0,1026,5,10,62,35
2020-03-15 15:00:00,6,2,0.0,8.8,2,3,55,01:24 AM,10:59 AM,07:28 AM,07:22 PM,-11,1,6,1,36,49,30,0.0,1027,6,10,65,30
2020-03-15 18:00:00,6,2,0.0,8.8,2,3,55,01:24 AM,10:59 AM,07:28 AM,07:22 PM,-12,1,5,1,32,9,29,0.0,1028,5,10,69,23
2020-03-15 21:00:00,6,2,0.0,8.8,2,1,55,01:24 AM,10:59 AM,07:28 AM,07:22 PM,-11,-1,3,-1,29,3,34,0.0,1031,3,10,73,18
2020-03-16 00:00:00,10,1,0.0,11.6,3,1,47,02:33 AM,11:43 AM,07:26 AM,07:24 PM,-11,-2,2,-2,26,0,37,0.0,1033,2,10,68,16
2020-03-16 03:00:00,10,1,0.0,11.6,3,1,47,02:33 AM,11:43 AM,07:26 AM,07:24 PM,-11,-2,1,-2,17,0,41,0.0,1034,1,10,52,10
2020-03-16 06:00:00,10,1,0.0,11.6,3,1,47,02:33 AM,11:43 AM,07:26 AM,07:24 PM,-10,1,2,1,7,0,41,0.0,1035,2,10,38,6
2020-03-16 09:00:00,10,1,0.0,11.6,3,2,47,02:33 AM,11:43 AM,07:26 AM,07:24 PM,-10,4,5,4,4,0,34,0.0,1035,5,10,58,4
2020-03-16 12:00:00,10,1,0.0,11.6,3,3,47,02:33 AM,11:43 AM,07:26 AM,07:24 PM,-10,8,8,8,3,0,26,0.0,1034,8,10,149,3
2020-03-16 15:00:00,10,1,0.0,11.6,3,3,47,02:33 AM,11:43 AM,07:26 AM,07:24 PM,-10,10,10,10,6,1,23,0.0,1033,10,10,265,6
2020-03-16 18:00:00,10,1,0.0,11.6,3,3,47,02:33 AM,11:43 AM,07:26 AM,07:24 PM,-9,8,9,8,8,2,27,0.0,1033,9,10,243,6
2020-03-16 21:00:00,10,1,0.0,11.6,3,1,47,02:33 AM,11:43 AM,07:26 AM,07:24 PM,-8,5,6,5,12,3,36,0.0,1033,6,10,227,8
2020-03-17 00:00:00,12,2,0.0,11.6,3,1,40,03:36 AM,12:32 PM,07:24 AM,07:25 PM,-8,3,5,3,15,8,41,0.0,1033,5,10,233,9
2020-03-17 03:00:00,12,2,0.0,11.6,3,1,40,03:36 AM,12:32 PM,07:24 AM,07:25 PM,-7,1,3,1,17,18,45,0.0,1032,3,10,246,9
2020-03-17 06:00:00,12,2,0.0,11.6,3,1,40,03:36 AM,12:32 PM,07:24 AM,07:25 PM,-8,-1,3,-1,20,17,47,0.0,1031,3,10,240,12
2020-03-17 09:00:00,12,2,0.0,11.6,3,3,40,03:36 AM,12:32 PM,07:24 AM,07:25 PM,-8,2,5,2,18,29,40,0.0,1030,5,10,231,14
2020-03-17 12:00:00,12,2,0.0,11.6,3,3,40,03:36 AM,12:32 PM,07:24 AM,07:25 PM,-8,7,10,7,17,32,29,0.0,1028,10,10,242,15
2020-03-17 15:00:00,12,2,0.0,11.6,3,4,40,03:36 AM,12:32 PM,07:24 AM,07:25 PM,-7,10,12,10,18,0,26,0.0,1026,12,10,248,15
2020-03-17 18:00:00,12,2,0.0,11.6,3,4,40,03:36 AM,12:32 PM,07:24 AM,07:25 PM,-5,10,11,10,16,3,34,0.0,1025,11,10,243,11
2020-03-17 21:00:00,12,2,0.0,11.6,3,1,40,03:36 AM,12:32 PM,07:24 AM,07:25 PM,-3,7,9,7,15,7,44,0.0,1026,9,10,240,8
2020-03-18 00:00:00,11,6,0.0,10.2,3,1,33,04:30 AM,01:28 PM,07:22 AM,07:26 PM,-2,5,7,5,18,8,50,0.0,1027,7,10,184,9
2020-03-18 03:00:00,11,6,0.0,10.2,3,1,33,04:30 AM,01:28 PM,07:22 AM,07:26 PM,-3,4,6,4,20,33,52,0.0,1027,6,10,43,11
2020-03-18 06:00:00,11,6,0.0,10.2,3,1,33,04:30 AM,01:28 PM,07:22 AM,07:26 PM,-4,3,6,3,23,44,49,0.0,1028,6,10,70,14
2020-03-18 09:00:00,11,6,0.0,10.2,3,2,33,04:30 AM,01:28 PM,07:22 AM,07:26 PM,-2,5,8,5,22,30,51,0.0,1029,8,10,65,17
2020-03-18 12:00:00,11,6,0.0,10.2,3,4,33,04:30 AM,01:28 PM,07:22 AM,07:26 PM,0,8,11,8,22,67,49,0.0,1029,11,10,63,19
2020-03-18 15:00:00,11,6,0.0,10.2,3,4,33,04:30 AM,01:28 PM,07:22 AM,07:26 PM,0,9,11,9,21,37,47,0.0,1029,11,10,69,18
2020-03-18 18:00:00,11,6,0.0,10.2,3,4,33,04:30 AM,01:28 PM,07:22 AM,07:26 PM,-1,9,10,9,18,7,46,0.0,1029,10,10,72,14
2020-03-18 21:00:00,11,6,0.0,10.2,3,1,33,04:30 AM,01:28 PM,07:22 AM,07:26 PM,-1,8,9,8,10,7,51,0.0,1030,9,10,91,6
2020-03-19 00:00:00,17,6,0.0,11.6,4,1,25,05:15 AM,02:27 PM,07:20 AM,07:27 PM,-1,7,8,7,7,3,54,0.0,1030,8,10,153,5
2020-03-19 03:00:00,17,6,0.0,11.6,4,1,25,05:15 AM,02:27 PM,07:20 AM,07:27 PM,-2,5,6,5,10,6,59,0.0,1030,6,10,217,6
2020-03-19 06:00:00,17,6,0.0,11.6,4,1,25,05:15 AM,02:27 PM,07:20 AM,07:27 PM,-1,5,7,5,14,0,60,0.0,1028,7,10,259,9
2020-03-19 09:00:00,17,6,0.0,11.6,4,3,25,05:15 AM,02:27 PM,07:20 AM,07:27 PM,1,7,9,7,19,1,58,0.0,1027,9,10,270,14
2020-03-19 12:00:00,17,6,0.0,11.6,4,4,25,05:15 AM,02:27 PM,07:20 AM,07:27 PM,1,13,14,13,15,6,43,0.0,1026,14,10,292,13
2020-03-19 15:00:00,17,6,0.0,11.6,4,5,25,05:15 AM,02:27 PM,07:20 AM,07:27 PM,-0,16,16,16,7,24,32,0.0,1023,16,10,223,6
2020-03-19 18:00:00,17,6,0.0,11.6,4,5,25,05:15 AM,02:27 PM,07:20 AM,07:27 PM,0,16,16,16,5,39,36,0.0,1023,16,10,90,3
2020-03-19 21:00:00,17,6,0.0,11.6,4,1,25,05:15 AM,02:27 PM,07:20 AM,07:27 PM,1,13,12,13,7,35,47,0.0,1023,12,10,185,4
2020-03-20 00:00:00,19,10,0.0,8.8,5,1,18,05:53 AM,03:29 PM,07:19 AM,07:29 PM,1,11,11,11,8,34,51,0.0,1023,11,10,148,4
2020-03-20 03:00:00,19,10,0.0,8.8,5,1,18,05:53 AM,03:29 PM,07:19 AM,07:29 PM,2,10,10,10,10,20,55,0.0,1023,10,10,108,5
2020-03-20 06:00:00,19,10,0.0,8.8,5,1,18,05:53 AM,03:29 PM,07:19 AM,07:29 PM,3,10,11,10,12,36,58,0.0,1022,11,10,326,6
2020-03-20 09:00:00,19,10,0.0,8.8,5,4,18,05:53 AM,03:29 PM,07:19 AM,07:29 PM,4,14,14,14,7,43,53,0.0,1023,14,10,239,5
2020-03-20 12:00:00,19,10,0.0,8.8,5,5,18,05:53 AM,03:29 PM,07:19 AM,07:29 PM,5,18,18,18,6,55,43,0.0,1022,18,10,148,5
2020-03-20 15:00:00,19,10,0.0,8.8,5,4,18,05:53 AM,03:29 PM,07:19 AM,07:29 PM,6,19,19,19,7,63,42,0.0,1020,19,10,267,6
2020-03-20 18:00:00,19,10,0.0,8.8,5,4,18,05:53 AM,03:29 PM,07:19 AM,07:29 PM,6,18,18,18,7,84,47,0.0,1020,18,10,98,4
2020-03-20 21:00:00,19,10,0.0,8.8,5,1,18,05:53 AM,03:29 PM,07:19 AM,07:29 PM,6,15,15,15,12,91,52,0.0,1020,15,10,144,7
2020-03-21 00:00:00,21,11,0.0,11.6,5,1,11,06:24 AM,04:31 PM,07:17 AM,07:30 PM,6,13,14,13,14,65,59,0.0,1020,14,10,191,8
2020-03-21 03:00:00,21,11,0.0,11.6,5,1,11,06:24 AM,04:31 PM,07:17 AM,07:30 PM,6,12,12,12,13,43,64,0.0,1018,12,10,193,7
2020-03-21 06:00:00,21,11,0.0,11.6,5,1,11,06:24 AM,04:31 PM,07:17 AM,07:30 PM,5,12,12,12,10,24,63,0.0,1017,12,10,190,5
2020-03-21 09:00:00,21,11,0.0,11.6,5,4,11,06:24 AM,04:31 PM,07:17 AM,07:30 PM,5,14,14,14,8,21,56,0.0,1016,14,10,183,6
2020-03-21 12:00:00,21,11,0.0,11.6,5,5,11,06:24 AM,04:31 PM,07:17 AM,07:30 PM,5,19,19,19,12,21,40,0.0,1014,19,10,184,10
2020-03-21 15:00:00,21,11,0.0,11.6,5,6,11,06:24 AM,04:31 PM,07:17 AM,07:30 PM,5,21,21,21,16,31,35,0.0,1012,21,10,206,13
2020-03-21 18:00:00,21,11,0.0,11.6,5,4,11,06:24 AM,04:31 PM,07:17 AM,07:30 PM,6,19,19,19,14,50,41,0.0,1011,19,10,241,9
2020-03-21 21:00:00,21,11,0.0,11.6,5,1,11,06:24 AM,04:31 PM,07:17 AM,07:30 PM,7,17,17,17,10,83,52,0.0,1011,17,10,250,5
2020-03-22 00:00:00,8,6,0.0,6.1,3,1,4,06:52 AM,05:33 PM,07:15 AM,07:31 PM,7,13,14,13,14,53,66,0.1,1011,14,10,183,9
2020-03-22 03:00:00,8,6,0.0,6.1,3,1,4,06:52 AM,05:33 PM,07:15 AM,07:31 PM,5,6,9,6,27,18,77,0.0,1012,9,10,70,19
2020-03-22 06:00:00,8,6,0.0,6.1,3,1,4,06:52 AM,05:33 PM,07:15 AM,07:31 PM,2,3,6,3,27,61,74,0.0,1014,6,10,73,20
2020-03-22 09:00:00,8,6,0.0,6.1,3,2,4,06:52 AM,05:33 PM,07:15 AM,07:31 PM,2,4,7,4,25,100,70,0.0,1015,7,10,72,20
2020-03-22 12:00:00,8,6,0.0,6.1,3,2,4,06:52 AM,05:33 PM,07:15 AM,07:31 PM,2,3,7,3,25,100,70,0.0,1017,7,10,67,20
2020-03-22 15:00:00,8,6,0.0,6.1,3,2,4,06:52 AM,05:33 PM,07:15 AM,07:31 PM,2,3,7,3,26,100,72,0.0,1017,7,10,65,20
2020-03-22 18:00:00,8,6,0.0,6.1,3,2,4,06:52 AM,05:33 PM,07:15 AM,07:31 PM,2,4,7,4,24,100,67,0.2,1018,7,7,67,18
2020-03-22 21:00:00,8,6,0.0,6.1,3,1,4,06:52 AM,05:33 PM,07:15 AM,07:31 PM,1,3,6,3,28,100,67,0.4,1019,6,5,63,21
2020-03-23 00:00:00,6,1,0.0,6.1,1,1,0,07:16 AM,06:34 PM,07:13 AM,07:32 PM,0,2,6,2,29,100,69,0.2,1020,6,7,57,21
2020-03-23 03:00:00,6,1,0.0,6.1,1,1,0,07:16 AM,06:34 PM,07:13 AM,07:32 PM,0,-1,4,-1,32,100,77,0.4,1021,4,1,59,24
2020-03-23 06:00:00,6,1,0.0,6.1,1,1,0,07:16 AM,06:34 PM,07:13 AM,07:32 PM,-1,-4,2,-4,38,100,77,0.4,1022,2,0,60,29
2020-03-23 09:00:00,6,1,0.0,6.1,1,1,0,07:16 AM,06:34 PM,07:13 AM,07:32 PM,0,-4,2,-4,39,100,86,0.7,1023,2,0,60,31
2020-03-23 12:00:00,6,1,0.0,6.1,1,1,0,07:16 AM,06:34 PM,07:13 AM,07:32 PM,-1,-1,4,-1,34,100,70,0.7,1023,4,3,65,29
2020-03-23 15:00:00,6,1,0.0,6.1,1,2,0,07:16 AM,06:34 PM,07:13 AM,07:32 PM,-1,1,5,1,36,100,62,0.6,1022,5,9,68,30
2020-03-23 18:00:00,6,1,0.0,6.1,1,1,0,07:16 AM,06:34 PM,07:13 AM,07:32 PM,-1,-0,5,-0,37,100,67,0.4,1023,5,6,68,29
2020-03-23 21:00:00,6,1,0.0,6.1,1,1,0,07:16 AM,06:34 PM,07:13 AM,07:32 PM,-0,-3,3,-3,40,100,79,1.0,1024,3,0,65,30
2020-03-24 00:00:00,5,0,0.0,7.5,1,1,0,07:38 AM,07:35 PM,07:11 AM,07:34 PM,-0,-5,2,-5,46,100,88,0.9,1024,2,3,59,33
2020-03-24 03:00:00,5,0,0.0,7.5,1,1,0,07:38 AM,07:35 PM,07:11 AM,07:34 PM,-4,-5,1,-5,50,100,68,0.1,1025,1,7,55,37
2020-03-24 06:00:00,5,0,0.0,7.5,1,1,0,07:38 AM,07:35 PM,07:11 AM,07:34 PM,-9,-6,1,-6,54,100,47,0.1,1027,1,3,57,39
2020-03-24 09:00:00,5,0,0.0,7.5,1,1,0,07:38 AM,07:35 PM,07:11 AM,07:34 PM,-10,-6,1,-6,53,100,43,0.0,1028,1,10,56,41
2020-03-24 12:00:00,5,0,0.0,7.5,1,1,0,07:38 AM,07:35 PM,07:11 AM,07:34 PM,-10,-3,3,-3,48,100,38,0.0,1028,3,10,57,41
2020-03-24 15:00:00,5,0,0.0,7.5,1,2,0,07:38 AM,07:35 PM,07:11 AM,07:34 PM,-9,-1,5,-1,46,84,35,0.0,1027,5,10,57,39
2020-03-24 18:00:00,5,0,0.0,7.5,1,2,0,07:38 AM,07:35 PM,07:11 AM,07:34 PM,-9,-1,4,-1,46,54,37,0.0,1027,4,10,57,33
2020-03-24 21:00:00,5,0,0.0,7.5,1,1,0,07:38 AM,07:35 PM,07:11 AM,07:34 PM,-9,-2,3,-2,44,53,39,0.0,1029,3,10,57,29
2020-03-25 00:00:00,8,1,0.0,10.2,3,1,3,07:59 AM,08:35 PM,07:09 AM,07:35 PM,-9,-3,3,-3,44,48,42,0.0,1029,3,10,58,29
2020-03-25 03:00:00,8,1,0.0,10.2,3,1,3,07:59 AM,08:35 PM,07:09 AM,07:35 PM,-9,-4,2,-4,44,49,45,0.0,1029,2,10,54,30
2020-03-25 06:00:00,8,1,0.0,10.2,3,1,3,07:59 AM,08:35 PM,07:09 AM,07:35 PM,-9,-5,1,-5,41,47,45,0.0,1030,1,10,55,30
2020-03-25 09:00:00,8,1,0.0,10.2,3,2,3,07:59 AM,08:35 PM,07:09 AM,07:35 PM,-8,-3,3,-3,40,49,44,0.0,1030,3,10,58,32
2020-03-25 12:00:00,8,1,0.0,10.2,3,3,3,07:59 AM,08:35 PM,07:09 AM,07:35 PM,-8,1,6,1,35,45,38,0.0,1030,6,10,63,30
2020-03-25 15:00:00,8,1,0.0,10.2,3,3,3,07:59 AM,08:35 PM,07:09 AM,07:35 PM,-7,4,8,4,33,46,35,0.0,1028,8,10,64,27
2020-03-25 18:00:00,8,1,0.0,10.2,3,2,3,07:59 AM,08:35 PM,07:09 AM,07:35 PM,-7,3,7,3,32,62,38,0.0,1028,7,10,63,23
2020-03-25 21:00:00,8,1,0.0,10.2,3,1,3,07:59 AM,08:35 PM,07:09 AM,07:35 PM,-5,2,6,2,28,97,48,0.0,1029,6,10,68,18
2020-03-26 00:00:00,13,3,0.0,11.6,2,1,11,08:20 AM,09:36 PM,07:07 AM,07:36 PM,-2,2,6,2,29,99,57,0.0,1029,6,10,71,19
2020-03-26 03:00:00,13,3,0.0,11.6,2,1,11,08:20 AM,09:36 PM,07:07 AM,07:36 PM,-4,0,5,0,39,67,55,0.0,1027,5,10,60,26
2020-03-26 06:00:00,13,3,0.0,11.6,2,1,11,08:20 AM,09:36 PM,07:07 AM,07:36 PM,-4,-1,4,-1,40,8,58,0.0,1027,4,10,60,27
2020-03-26 09:00:00,13,3,0.0,11.6,2,3,11,08:20 AM,09:36 PM,07:07 AM,07:36 PM,-3,1,6,1,39,5,55,0.0,1026,6,10,63,31
2020-03-26 12:00:00,13,3,0.0,11.6,2,4,11,08:20 AM,09:36 PM,07:07 AM,07:36 PM,-1,7,10,7,37,4,46,0.0,1025,10,10,66,33
2020-03-26 15:00:00,13,3,0.0,11.6,2,4,11,08:20 AM,09:36 PM,07:07 AM,07:36 PM,-0,10,13,10,37,6,41,0.0,1023,13,10,66,31
2020-03-26 18:00:00,13,3,0.0,11.6,2,4,11,08:20 AM,09:36 PM,07:07 AM,07:36 PM,-0,9,12,9,42,5,44,0.0,1023,12,10,68,29
2020-03-26 21:00:00,13,3,0.0,11.6,2,1,11,08:20 AM,09:36 PM,07:07 AM,07:36 PM,0,6,9,6,40,5,53,0.0,1024,9,10,69,24
2020-03-27 00:00:00,15,7,0.0,11.6,4,1,18,08:43 AM,10:37 PM,07:05 AM,07:37 PM,0,5,8,5,36,8,59,0.0,1024,8,10,54,21
2020-03-27 03:00:00,15,7,0.0,11.6,4,1,18,08:43 AM,10:37 PM,07:05 AM,07:37 PM,1,3,7,3,41,8,64,0.0,1023,7,10,49,24
2020-03-27 06:00:00,15,7,0.0,11.6,4,1,18,08:43 AM,10:37 PM,07:05 AM,07:37 PM,1,3,7,3,40,4,64,0.0,1023,7,10,53,26
2020-03-27 09:00:00,15,7,0.0,11.6,4,3,18,08:43 AM,10:37 PM,07:05 AM,07:37 PM,0,6,9,6,36,3,54,0.0,1022,9,10,60,28
2020-03-27 12:00:00,15,7,0.0,11.6,4,4,18,08:43 AM,10:37 PM,07:05 AM,07:37 PM,0,11,13,11,32,5,41,0.0,1020,13,10,60,28
2020-03-27 15:00:00,15,7,0.0,11.6,4,4,18,08:43 AM,10:37 PM,07:05 AM,07:37 PM,1,13,15,13,33,8,39,0.0,1018,15,10,52,27
2020-03-27 18:00:00,15,7,0.0,11.6,4,3,18,08:43 AM,10:37 PM,07:05 AM,07:37 PM,2,12,14,12,33,32,44,0.0,1017,14,10,56,23
2020-03-27 21:00:00,15,7,0.0,11.6,4,1,18,08:43 AM,10:37 PM,07:05 AM,07:37 PM,2,9,11,9,27,57,53,0.0,1018,11,10,61,17
2020-03-28 00:00:00,17,7,0.0,11.6,4,1,25,09:08 AM,11:40 PM,07:04 AM,07:39 PM,2,7,9,7,26,38,62,0.0,1017,9,10,30,16
2020-03-28 03:00:00,17,7,0.0,11.6,4,1,25,09:08 AM,11:40 PM,07:04 AM,07:39 PM,2,6,8,6,19,37,66,0.0,1016,8,10,127,10
2020-03-28 06:00:00,17,7,0.0,11.6,4,1,25,09:08 AM,11:40 PM,07:04 AM,07:39 PM,0,6,8,6,16,21,60,0.0,1016,8,10,348,9
2020-03-28 09:00:00,17,7,0.0,11.6,4,4,25,09:08 AM,11:40 PM,07:04 AM,07:39 PM,1,10,11,10,14,20,48,0.0,1015,11,10,243,10
2020-03-28 12:00:00,17,7,0.0,11.6,4,5,25,09:08 AM,11:40 PM,07:04 AM,07:39 PM,1,15,15,15,15,26,37,0.0,1014,15,10,31,13
2020-03-28 15:00:00,17,7,0.0,11.6,4,5,25,09:08 AM,11:40 PM,07:04 AM,07:39 PM,2,17,17,17,13,47,36,0.0,1012,17,10,29,11
2020-03-28 18:00:00,17,7,0.0,11.6,4,5,25,09:08 AM,11:40 PM,07:04 AM,07:39 PM,3,15,15,15,9,46,42,0.0,1011,15,10,34,6
2020-03-28 21:00:00,17,7,0.0,11.6,4,1,25,09:08 AM,11:40 PM,07:04 AM,07:39 PM,3,12,13,12,12,47,52,0.0,1012,13,10,48,7
2020-03-29 00:00:00,18,9,0.0,11.6,5,1,32,09:37 AM,No moonset,07:02 AM,07:40 PM,3,11,11,11,8,41,58,0.0,1011,11,10,121,5
2020-03-29 03:00:00,18,9,0.0,11.6,5,1,32,09:37 AM,No moonset,07:02 AM,07:40 PM,2,10,10,10,10,28,60,0.0,1011,10,10,259,5
2020-03-29 06:00:00,18,9,0.0,11.6,5,1,32,09:37 AM,No moonset,07:02 AM,07:40 PM,1,9,10,9,15,19,56,0.0,1010,10,10,284,8
2020-03-29 09:00:00,18,9,0.0,11.6,5,4,32,09:37 AM,No moonset,07:02 AM,07:40 PM,2,12,13,12,10,16,47,0.0,1009,13,10,296,8
2020-03-29 12:00:00,18,9,0.0,11.6,5,5,32,09:37 AM,No moonset,07:02 AM,07:40 PM,1,17,17,17,10,17,34,0.0,1008,17,10,277,9
2020-03-29 15:00:00,18,9,0.0,11.6,5,5,32,09:37 AM,No moonset,07:02 AM,07:40 PM,0,18,18,18,10,17,30,0.0,1006,18,10,262,9
2020-03-29 18:00:00,18,9,0.0,11.6,5,5,32,09:37 AM,No moonset,07:02 AM,07:40 PM,1,17,17,17,14,25,34,0.0,1007,17,10,251,9
2020-03-29 21:00:00,18,9,0.0,11.6,5,1,32,09:37 AM,No moonset,07:02 AM,07:40 PM,2,14,14,14,15,54,45,0.0,1008,14,10,250,8
